concept_id,concept_name,doc_url,doc_section,doc_depth,forum_mentions_12mo,weight_tier,in_scope,capability_bucket,notes,stability,prior_bucket,verified,approx_forum_count,approx_reddit_count
anim-aim-offset,Aim Offset,https://dev.epicgames.com/documentation/en-us/unreal-engine/aim-offset-in-unreal-engine,Animation,3,forum:>50 reddit:~20,high,yes,Technical Art,Additive Blend Space used to overlay aim/look poses driven by gameplay vectors at runtime. UAimOffsetBlendSpace; consumed via AnimGraph. Heavily discussed,stable,high,yes,>50,~20
anim-anim-blueprint-node-functions,Animation Node Functions,https://dev.epicgames.com/documentation/en-us/unreal-engine/animation-blueprint-node-functions-in-unreal-engine,Animation,3,forum:~20 reddit:~5,medium,yes,Technical Art,Bind function graphs to AnimGraph nodes that run on relevant events (initial update become-relevant update). Enables thread-safe scoped updates with Property Access. Threads on anim node function versions and thread-safe pattern,stable,medium,yes,~20,~5
anim-anim-instance,UAnimInstance (Native Animation Class),https://dev.epicgames.com/documentation/en-us/unreal-engine/API/Runtime/Engine/UAnimInstance,Animation,3,forum:>50 reddit:~10,high,yes,Gameplay Programming,Runtime object instantiated per skeletal mesh; the C++ class behind Animation Blueprints with Update/Evaluate entry points. Used as the parent class for custom anim instances. Many native-class threads,stable,high,yes,>50,~10
anim-anim-modifiers,Animation Modifiers,https://dev.epicgames.com/documentation/en-us/unreal-engine/animation-modifiers-in-unreal-engine,Animation,3,forum:~20 reddit:~5,medium,yes,Technical Art,"Scripted (Blueprint or native C++) passes that operate on Animation Sequences/Skeletons to author curves notifies or sync markers from code. Subclass UAnimationModifier in C++. Active threads, some tutorials",stable,medium,yes,~20,~5
anim-anim-node-base,FAnimNode_Base / Animation Node Technical Guide,https://dev.epicgames.com/documentation/en-us/unreal-engine/animation-node-technical-guide-in-unreal-engine,Animation,3,forum:~5 reddit:0,low,yes,Technical Art,Authoring custom AnimGraph nodes in C++ by deriving FAnimNode_Base (runtime) and UAnimGraphNode_Base (editor). Core programmer extension point for AnimGraph. Few targeted threads; deep custom-node territory,stable,low,yes,~5,0
anim-anim-notify,Animation Blueprint Event Nodes,https://dev.epicgames.com/documentation/en-us/unreal-engine/animation-blueprint-event-nodes-in-unreal-engine,Animation,3,forum:>50 reddit:~20,high,yes,Gameplay Programming,Timed events embedded in animations dispatched as C++ callbacks (UAnimNotify::Notify UAnimNotifyState::NotifyBegin/Tick/End). Subclass UAnimNotify / UAnimNotifyState in C++ for gameplay hooks. Heavily discussed; gameplay-hook staple,stable,high,yes,>50,~20
anim-animation-blueprint,Animation Blueprints,https://dev.epicgames.com/documentation/en-us/unreal-engine/animation-blueprints-in-unreal-engine,Animation,2,forum:prior reddit:prior,high,yes,Technical Art,Visual-script asset (UAnimInstance subclass) that authors per-frame skeletal animation logic and the AnimGraph pose pipeline. Subclass UAnimInstance in C++ to expose properties and override NativeInitializeAnimation/NativeUpdateAnimation. AnimBP is core animation programming surface,stable,high,no,n/a,n/a
anim-animation-budget-allocator,AnimationBudgetAllocator,https://dev.epicgames.com/documentation/en-us/unreal-engine/API/Plugins/AnimationBudgetAllocator,Animation,3,forum:~20 reddit:0,medium,yes,Technical Art,Plugin that dynamically throttles skeletal mesh component tick rates per significance to keep animation cost within a CPU budget. Use USkeletalMeshComponentBudgeted; integrates with Significance Manager. Surprising 10+ active threads; promoted from low to medium,stable,low,yes,~20,0
anim-animation-curves,Animation Curves,https://dev.epicgames.com/documentation/en-us/unreal-engine/animation-curves-in-unreal-engine,Animation,3,forum:~20 reddit:~5,medium,yes,Technical Art,"Float/material/morph curves baked into animations and sampled at runtime to drive parameters synchronized with the playing pose. Read at runtime via UAnimInstance::GetCurveValue. Multiple curve threads, runtime + import",stable,medium,yes,~20,~5
anim-animation-montage,Animation Montage,https://dev.epicgames.com/documentation/en-us/unreal-engine/animation-montage-in-unreal-engine,Animation,3,forum:prior reddit:prior,high,yes,Gameplay Programming,Sectioned animation asset played and controlled from code via UAnimInstance::Montage_Play / ACharacter::PlayAnimMontage. Primary programmer-facing way to trigger one-off animations. Montages are core gameplay-animation API,stable,high,no,n/a,n/a
anim-animation-sharing-plugin,Animation Sharing Plugin,https://dev.epicgames.com/documentation/en-us/unreal-engine/animation-sharing-plugin-in-unreal-engine,Animation,3,forum:~20 reddit:0,medium,yes,Technical Art,Crowd optimization that buckets actors by state and shares evaluated poses across many skeletal meshes. Programmer hook: derive UAnimationSharingStateProcessor. Steady stream of threads over years; promoted from low to medium,stable,low,yes,~20,0
anim-animgraph,Graphing in Animation Blueprints,https://dev.epicgames.com/documentation/en-us/unreal-engine/graphing-in-animation-blueprints-in-unreal-engine,Animation,3,forum:prior reddit:prior,high,yes,Technical Art,Pose graph that evaluates blend/pose nodes each frame and produces the final pose for the skeletal mesh. Nodes are runtime structs derived from FAnimNode_Base. AnimGraph is heavily discussed,stable,high,no,n/a,n/a
anim-blend-spaces,Blend Spaces,https://dev.epicgames.com/documentation/en-us/unreal-engine/blend-spaces-in-unreal-engine,Animation,3,forum:>50 reddit:~20,high,yes,Technical Art,Asset that blends animations along 1D/2D parameters sampled at runtime by an AnimGraph node. UBlendSpace asset. Heavily discussed,stable,high,yes,>50,~20
anim-character-trajectory,UCharacterTrajectoryComponent,https://dev.epicgames.com/documentation/en-us/unreal-engine/API/Plugins/MotionTrajectory/UCharacterTrajectoryComponent,Animation,4,forum:~5 reddit:0,low,yes,Technical Art,Generates past/future trajectory samples on a character for Motion Matching queries. Lives in Motion Trajectory plugin. Specific component rarely named outright,stable,low,yes,~5,0
anim-choosers,Dynamic Asset Selection,https://dev.epicgames.com/documentation/en-us/unreal-engine/dynamic-asset-selection-in-unreal-engine,Animation,3,forum:~20 reddit:~5,medium,yes,Technical Art,Data-driven runtime selection of animation assets (and other objects) via Chooser Tables with input columns evaluated from gameplay context. Chooser plugin; integrates with Motion Matching and asset lookups. Multiple recent threads tied to motion matching,stable,medium,yes,~20,~5
anim-control-rig-runtime,Control Rig (runtime),https://dev.epicgames.com/documentation/en-us/unreal-engine/control-rig-in-unreal-engine,Animation,3,forum:>50 reddit:~10,high,yes,Technical Art,Rig executed at runtime inside the AnimGraph (Control Rig node) to procedurally adjust bones via RigVM-compiled units. Programmer angle: write FRigUnit / FRigVMStruct C++ units. Control Rig is hot topic; promoted to high,stable,medium,yes,>50,~10
anim-fanim-instance-proxy,FAnimInstanceProxy,https://dev.epicgames.com/documentation/en-us/unreal-engine/API/Runtime/Engine/FAnimInstanceProxy,Animation,3,forum:~20 reddit:0,medium,yes,Technical Art,Proxy struct passed to AnimGraph nodes during multi-threaded animation Update/Evaluate; bulk of anim-graph data lives here. Override in C++ together with custom UAnimInstance for worker-thread-safe work. Surprising 10+ recent threads; promoted from low to medium,stable,low,yes,~20,0
anim-linked-anim-graph,Using Animation Blueprint Linking,https://dev.epicgames.com/documentation/en-us/unreal-engine/using-animation-blueprint-linking-in-unreal-engine,Animation,3,forum:~20 reddit:~5,medium,yes,Technical Art,Dynamically swap sub-sections of an AnimGraph at runtime via Linked Anim Graph nodes and Anim Layer Interfaces. Programmatic API: UAnimInstance::LinkAnimGraphByTag LinkAnimClassLayers. Many threads,stable,medium,yes,~20,~5
anim-motion-matching,Motion Matching,https://dev.epicgames.com/documentation/en-us/unreal-engine/motion-matching-in-unreal-engine,Animation,3,forum:>50 reddit:~20,high,yes,Technical Art,Pose Search-based system that selects next animation pose each frame by matching a runtime trajectory query against an indexed database. Configured via Pose Search Schema + Database assets. Hot topic in 5.4-5.7,stable,high,yes,>50,~20
anim-pose-driver,Pose Driver,https://dev.epicgames.com/documentation/en-us/unreal-engine/pose-driver-in-unreal-engine,Animation,3,forum:~20 reddit:~5,medium,yes,Technical Art,AnimGraph node using RBF interpolation to drive Pose Assets or curves from a source bone's orientation. Programmer use: configure via runtime node FAnimNode_PoseDriver. Many Pose Driver Connect / secondary anim threads,stable,medium,yes,~20,~5
anim-pose-search,Pose Search,https://dev.epicgames.com/documentation/en-us/unreal-engine/API/PluginIndex/PoseSearch,Animation,3,forum:>50 reddit:~10,high,yes,Technical Art,Framework that indexes pose features and searches them at runtime; underpins Motion Matching. C++ plugin module exposing schema database channels search nodes. Tied to Motion Matching; many recent threads; promoted to high,stable,medium,yes,>50,~10
anim-property-access-fast-path,Animation Optimization,https://dev.epicgames.com/documentation/en-us/unreal-engine/animation-optimization-in-unreal-engine,Animation,3,forum:~20 reddit:~5,medium,yes,Technical Art,Optimization that lets AnimGraph node pins read variables directly (Fast Path) and lets node functions safely access game-thread state via the Property Access system. Critical for multi-threaded animation update. Discussions on AnimBP fast path optimization,stable,medium,yes,~20,~5
anim-runtime-ik-retarget,Runtime IK Retargeting (Retarget Pose From Mesh),https://dev.epicgames.com/documentation/en-us/unreal-engine/runtime-ik-retargeting-in-unreal-engine,Animation,3,forum:>50 reddit:~10,high,yes,Technical Art,AnimGraph node that retargets animation from a source skeletal mesh to the current one each frame using an IK Retargeter asset. Programmer-facing piece of the IK Rig/Retargeter system; pure runtime. IK Retargeting heavily discussed; promoted to high,stable,medium,yes,>50,~10
anim-state-machine,State Machines,https://dev.epicgames.com/documentation/en-us/unreal-engine/state-machines-in-unreal-engine,Animation,3,forum:>50 reddit:~20,high,yes,Technical Art,AnimGraph sub-graph that breaks animation into states with transition rules driven by anim-instance variables. State/transition variables live on the UAnimInstance subclass. Animation state machines heavily discussed,stable,high,yes,>50,~20
anim-sub-anim-instance,Using Sub Anim Instances,https://dev.epicgames.com/documentation/en-us/unreal-engine/using-sub-anim-instances-in-unreal-engine,Animation,3,forum:~20 reddit:~5,medium,yes,Technical Art,Embed another Animation Blueprint as a node so its AnimGraph evaluates inside the parent. Foundation that Linked Anim Graphs extends. Many active threads spanning years,stable,medium,yes,~20,~5
audio-attenuation,Sound Attenuation (USoundAttenuation / FSoundAttenuationSettings),https://dev.epicgames.com/documentation/en-us/unreal-engine/sound-attenuation-in-unreal-engine,Audio,2,forum:>50 reddit:0,high,yes,Technical Art,Per-sound distance/occlusion/spatialization settings queryable and overridable from C++/Blueprint (MakeSoundAttenuationSettings). Drives 3D falloff focus listener-relative attenuation. Sound attenuation is one of the most-asked audio topics with recent 2025 threads,stable,high,yes,>50,0
audio-audio-bus,Audio Bus Overview (UAudioBus + UAudioBusSubsystem),https://dev.epicgames.com/documentation/en-us/unreal-engine/audio-bus-overview,Audio,2,forum:~20 reddit:0,medium,yes,Technical Art,Patch-cord asset for routing arbitrary audio between sources submixes and analyzers with a C++ subsystem to start/stop and read bus channels. UAudioBusSubsystem exposes runtime bus management. Audio Bus + Source Bus + Control Bus threads form a steady set,stable,medium,yes,~20,0
audio-audio-capture,UAudioCaptureComponent (UAudioCaptureComponent),https://dev.epicgames.com/documentation/en-us/unreal-engine/API/Plugins/AudioCapture/UAudioCaptureComponent,Audio,3,forum:~20 reddit:0,medium,yes,Gameplay Programming,Component that captures microphone / system input as a sound source accessible to gameplay code for VoIP mechanics or analysis pipelines. Plugin: AudioCapture. More activity than expected (mic capture is common ask); bumped from low prior,stable,low,yes,~20,0
audio-audio-component,UAudioComponent (runtime sound instance),https://dev.epicgames.com/documentation/en-us/unreal-engine/API/Runtime/Engine/UAudioComponent,Audio,3,forum:>50 reddit:0,high,yes,Technical Art,Scene component that plays a USoundBase exposes parameter setters Quartz tick hookup and OnAudioFinished/playback delegates to C++/BP. Implements ISoundParameterControllerInterface and FQuartzTickableObject. Foundational audio class; massive forum coverage,stable,high,yes,>50,0
audio-metasounds-builder-api,MetaSound Builder API,https://dev.epicgames.com/documentation/en-us/unreal-engine/metasound-builder-api-in-unreal-engine,Audio,3,forum:~20 reddit:~5,medium,yes,Technical Art,Blueprint/C++ API for procedurally creating editing and auditioning MetaSound patches and sources at runtime. BlueprintAPI/Audio/MetaSound/Builder; BuildNewMetaSound node. Active runtime/dynamic builder threads,stable,medium,yes,~20,~5
audio-metasounds-reference,MetaSounds Reference Guide (nodes inputs outputs interfaces),https://dev.epicgames.com/documentation/en-us/unreal-engine/metasounds-reference-guide-in-unreal-engine,Audio,3,forum:prior reddit:prior,medium,yes,Technical Art,Authoring reference for MetaSound graph members parameter interfaces and the Trigger/Audio/Float data types used in node IO. Includes parameter interface concept. Reference doc; discussion under MetaSound umbrella,stable,medium,no,n/a,n/a
audio-metasounds-source,MetaSounds,https://dev.epicgames.com/documentation/en-us/unreal-engine/metasounds-in-unreal-engine,Audio,2,forum:>50 reddit:~20,high,yes,Technical Art,Procedural DSP graph asset that replaces SoundCue as the per-source audio generator with sample-accurate Blueprint/C++ control. UMetaSoundSource is the primary asset; succeeded SoundCue in UE5. MetaSounds heavily discussed,stable,high,yes,>50,~20
audio-modulation-plugin,Audio Modulation Overview (Control Bus + Modulator + Mix),https://dev.epicgames.com/documentation/en-us/unreal-engine/audio-modulation-overview-in-unreal-engine,Audio,2,forum:~20 reddit:~5,medium,yes,Technical Art,Plugin providing dynamic float modulation of audio parameters (volume pitch send levels) via Control Buses Modulators and Control Bus Mixes. Plugin disabled by default. Many Control Bus / Audio Modulation threads,stable,medium,yes,~20,~5
audio-parameter-controller-interface,UAudioParameterControllerInterface,https://dev.epicgames.com/documentation/en-us/unreal-engine/API/Runtime/AudioExtensions/UAudioParameterControllerInterfa-,Audio,3,forum:prior reddit:prior,low,yes,Technical Art,UObject interface implemented by AudioComponent for setting named float/bool/string/object/trigger parameters on a playing sound (MetaSound). SUSPICIOUS: URL appears truncated (Interfa- vs Interface). Engine-side ISoundParameterControllerInterface mirrors this. Deep interface; usually referenced indirectly,stable,low,no,n/a,n/a
audio-quartz-subsystem,Quartz Overview (UQuartzSubsystem),https://dev.epicgames.com/documentation/en-us/unreal-engine/overview-of-quartz-in-unreal-engine,Audio,2,forum:~20 reddit:0,medium,yes,Gameplay Programming,World subsystem that schedules gameplay and audio events on sample-accurate musical clocks (bars/beats/ticks) for rhythm-driven gameplay. UQuartzSubsystem (Runtime/AudioMixer); FQuartzTickableObject. Active music-system threads; Quartz has noticeable forum presence,stable,medium,yes,~20,0
audio-sound-class,Sound Classes (USoundClass),https://dev.epicgames.com/documentation/en-us/unreal-engine/sound-classes-in-unreal-engine,Audio,2,forum:~20 reddit:0,medium,yes,Technical Art,Hierarchical sound categorization asset used by gameplay code to group sounds for mix overrides routing and per-class properties. USoundClass; programmable via SetSoundMixClassOverride. Forum has steady older + newer threads on USoundClass; reddit-indexed empty,stable,medium,yes,~20,0
audio-sound-mix,Sound Classes,https://dev.epicgames.com/documentation/en-us/unreal-engine/sound-classes-in-unreal-engine,Audio,3,forum:~20 reddit:0,medium,yes,Technical Art,USoundMix asset plus UGameplayStatics push/pop and class-override functions for runtime mix ducking fading and EQ from gameplay code. PushSoundMixModifier / PopSoundMixModifier / ClearSoundMixClassOverride. Active Q&A on volume sliders + SetSoundMixClassOverride,stable,medium,yes,~20,0
audio-source-effect-chain,USoundEffectSourcePresetChain (USoundEffectSourcePresetChain),https://dev.epicgames.com/documentation/en-us/unreal-engine/API/Runtime/Engine/USoundEffectSourcePresetChain,Audio,2,forum:~5 reddit:0,low,yes,Technical Art,Per-source DSP effect chain configurable at runtime via AddSourceEffectToPresetChain / SetBypassSourceEffectChainEntry. Applied to UAudioComponent's source pre-submix. Niche; small handful of threads,stable,low,yes,~5,0
audio-submix,Submixes Overview,https://dev.epicgames.com/documentation/en-us/unreal-engine/overview-of-submixes-in-unreal-engine,Audio,2,forum:~20 reddit:0,medium,yes,Technical Art,DSP graph node (USoundSubmix) that mixes multiple sources and runs submix effects; routable from code via SetSubmixSend and AddSubmixEffect. Master Submix is the root. Solid steady forum coverage on submix routing and effects,stable,medium,yes,~20,0
audio-synesthesia,Audio Synesthesia (analyzers),https://dev.epicgames.com/documentation/en-us/unreal-engine/audio-synesthesia-in-unreal-engine,Audio,2,forum:~20 reddit:0,medium,yes,Technical Art,Plugin exposing offline and real-time audio analyzers (loudness onset constant-Q etc.) that emit metadata consumable by C++/Blueprint. AudioSynesthesia plugin. Visualization plugin generates more forum chatter than expected; bumped low->medium,stable,low,yes,~20,0
blendables-interface,Blendables / IBlendableInterface,https://dev.epicgames.com/documentation/en-us/unreal-engine/blendables-in-unreal-engine,"Designing Visuals, Rendering, and Graphics",3,forum:0 reddit:0,low,yes,Technical Art,Interface for assets that can be smoothly interpolated and applied to view state; primary backbone for runtime post-process driving. Programmer-callable via IBlendableInterface. Almost no forum mentions of IBlendableInterface by name,stable,low,yes,0,0
cinematic-render-passes,Render Passes (Movie Render Queue passes),https://dev.epicgames.com/documentation/en-us/unreal-engine/cinematic-render-passes-in-unreal-engine,"Designing Visuals, Rendering, and Graphics",3,,n/a,no,n/a,Per-pass output layers (object IDs panoramic etc.) for offline cinematics in Movie Render Queue. Cinematics tool; orchestrator excludes cinematics,stable,,,,
color-grading,Color Grading and the Filmic Tonemapper,https://dev.epicgames.com/documentation/en-us/unreal-engine/color-grading-and-the-filmic-tonemapper-in-unreal-engine,"Designing Visuals, Rendering, and Graphics",3,,n/a,no,n/a,Color-grading / tone-mapper artist controls. lookdev/artist-facing,stable,,,,
create-global-shader-plugin,Creating a New Global Shader as a Plugin,https://dev.epicgames.com/documentation/en-us/unreal-engine/creating-a-new-global-shader-as-a-plugin-in-unreal-engine,"Designing Visuals, Rendering, and Graphics",4,forum:prior reddit:prior,low,yes,Technical Art,Step-by-step walkthrough of adding a global shader (with shader source mapping module setup parameter struct) as a plugin. Concrete recipe a gameplay programmer follows once. The how-to recipe overlaps shaders-in-plugins; rarely cited as its own page,stable,low,no,n/a,n/a
custom-depth-stencil,Set Custom Depth Stencil Value,https://dev.epicgames.com/documentation/en-us/unreal-engine/BlueprintAPI/Rendering/SetCustomDepthStencilValue,"Designing Visuals, Rendering, and Graphics",4,forum:>50 reddit:0,high,yes,Technical Art,"Per-primitive custom depth and 0..255 stencil channels for selective post-process effects (outlines masks) controllable from C++/Blueprint. Common gameplay-programmer use: outline selected actors mask PP effects. Outline effects, masking — extremely common gameplay-renderer technique",stable,high,yes,>50,0
custom-render-pass-base,FCustomRenderPassBase,https://dev.epicgames.com/documentation/en-us/unreal-engine/API/Runtime/Engine/FCustomRenderPassBase,"Designing Visuals, Rendering, and Graphics",4,forum:~5 reddit:0,low,yes,Technical Art,"Base class for custom render passes that are rendered as part of the main render loop; PreRender/PostRender are render-thread hooks. Direct programmer hook for injecting render work. The exact symbol is rare; ""custom render pass"" generic discussion exists but FCustomRenderPassBase itself is niche",stable,low,yes,~5,0
decals,Decals,https://dev.epicgames.com/documentation/en-us/unreal-engine/decals-in-unreal-engine,"Designing Visuals, Rendering, and Graphics",3,,n/a,no,n/a,Project decals onto surfaces. Set-dressing / artist surface,stable,,,,
global-shaders,Adding Global Shaders to Unreal Engine (Adding Global Shaders),https://dev.epicgames.com/documentation/en-us/unreal-engine/adding-global-shaders-to-unreal-engine,"Designing Visuals, Rendering, and Graphics",3,forum:~20 reddit:0,medium,yes,Technical Art,Subclass FGlobalShader to register a custom HLSL shader in the global shader map without going through the material system. Programmer-callable; entry point for custom GPU passes from gameplay code. Global shaders are a recurring custom-rendering entry point; medium,stable,medium,yes,~20,0
gpuscene-write-delegate,FGPUSceneWriteDelegateParams (GPUScene write hook),https://dev.epicgames.com/documentation/en-us/unreal-engine/API/Runtime/Engine/FGPUSceneWriteDelegateParams,"Designing Visuals, Rendering, and Graphics",4,forum:0 reddit:0,n/a,no,n/a,"Delegate params specifying the point during scene rendering at which GPUScene primitive data can be written from a programmer-supplied callback. GPU-driven gameplay hook. Almost no direct discussion of the GPUScene write hook Removed in UE 5.7 (remediation 2026-05-18: searched, no UE 5.7 page or alternative; API URL still 200s but redirects to docs root)",stable,low,no,0,0
graphics-programming-overview,Graphics Programming Overview,https://dev.epicgames.com/documentation/en-us/unreal-engine/graphics-programming-overview-for-unreal-engine,"Designing Visuals, Rendering, and Graphics",2,,n/a,no,n/a,Hub/landing page for graphics programmer topics. Hub page not a leaf concept,stable,,,,
hdri-backdrop,HDRI Backdrop Visualization Tool,https://dev.epicgames.com/documentation/en-us/unreal-engine/hdri-backdrop-visualization-tool-in-unreal-engine,"Designing Visuals, Rendering, and Graphics",3,,n/a,no,n/a,HDRI visualization for product / lookdev. lookdev surface,stable,,,,
hit-proxy,CreateHitProxies (Custom hit proxies from C++),https://dev.epicgames.com/documentation/en-us/unreal-engine/API/Runtime/Engine/FSceneProxyBase/CreateHitProxies,"Designing Visuals, Rendering, and Graphics",4,forum:~20 reddit:0,medium,yes,Technical Art,Base class for user-interface hit detection; subclass + DECLARE_HIT_PROXY/IMPLEMENT_HIT_PROXY to make scene primitives clickable in editor viewport. Primarily editor/PIE; still programmer-callable. More activity than expected (component visualizers + in-game gizmo questions); bumped to medium,stable,low,yes,~20,0
hit-proxy-map,FHitProxyMap,https://dev.epicgames.com/documentation/en-us/unreal-engine/API/Runtime/Engine/FViewport/FHitProxyMap,"Designing Visuals, Rendering, and Graphics",5,forum:0 reddit:0,low,yes,Technical Art,Viewport's map of pixel -> HHitProxy used to look up which proxy was clicked. Programmer-callable via FViewport. No direct hits on FHitProxyMap; folds under hit-proxy,stable,low,yes,0,0
lumen,Lumen Global Illumination and Reflections,https://dev.epicgames.com/documentation/en-us/unreal-engine/lumen-global-illumination-and-reflections-in-unreal-engine,"Designing Visuals, Rendering, and Graphics",3,,n/a,no,n/a,Dynamic global illumination / reflections system. lookdev/lighting/artist-facing,stable,,,,
materials-editor,Materials (Material Editor),https://dev.epicgames.com/documentation/en-us/unreal-engine/unreal-engine-materials,"Designing Visuals, Rendering, and Graphics",3,,n/a,no,n/a,Node-graph material authoring. Artist-facing,stable,,,,
mesh-drawing-pipeline,Mesh Drawing Pipeline (FMeshPassProcessor),https://dev.epicgames.com/documentation/en-us/unreal-engine/mesh-drawing-pipeline-in-unreal-engine,"Designing Visuals, Rendering, and Graphics",3,forum:~5 reddit:0,low,yes,Technical Art,Retained-mode mesh draw command pipeline; programmers add custom mesh passes by deriving FMeshPassProcessor and overriding AddMeshBatch. Heavy lift but documented as a programmer-facing extensibility point. Mesh pass processor is heavy-lift; few direct threads,stable,low,yes,~5,0
movie-render-queue-runtime,Movie Render Queue in Runtime Builds,https://dev.epicgames.com/documentation/en-us/unreal-engine/movie-render-queue-in-runtime-in-unreal-engine,"Designing Visuals, Rendering, and Graphics",3,,n/a,no,n/a,Programmer API to invoke MRQ at runtime in a shipped build to render movies on end-user devices. Programmer-callable but cinematics use-case excluded,stable,,,,
multi-process-rendering,Multi-Process Rendering,https://dev.epicgames.com/documentation/en-us/unreal-engine/multi-process-rendering-with-unreal-engine,"Designing Visuals, Rendering, and Graphics",3,,n/a,no,n/a,Splits CPU and GPU work across multiple processes for higher throughput. Specialized workflow tag off the gameplay-programmer path; excluded,experimental,,,,
nanite,Nanite Virtualized Geometry Overview,https://dev.epicgames.com/documentation/en-us/unreal-engine/nanite-virtualized-geometry-in-unreal-engine,"Designing Visuals, Rendering, and Graphics",3,,n/a,no,n/a,Virtualized micropolygon geometry system. Asset prep / artist-facing surface,stable,,,,
parallel-rendering,Parallel Rendering Overview,https://dev.epicgames.com/documentation/en-us/unreal-engine/parallel-rendering-overview-for-unreal-engine,"Designing Visuals, Rendering, and Graphics",3,,n/a,no,n/a,Internal engine architecture overview of how the renderer parallelizes work across threads / RHI command lists. Internal engine architecture; not directly programmer-callable from gameplay,stable,,,,
post-process-component-blendable,Add or Update Blendable (UPostProcessComponent),https://dev.epicgames.com/documentation/en-us/unreal-engine/BlueprintAPI/Rendering/AddorUpdateBlendable,"Designing Visuals, Rendering, and Graphics",5,forum:~20 reddit:0,medium,yes,Technical Art,C++ method to add or update a blendable (typically a post-process material instance) on a post-process component with a given weight. The actual programmer entry point for wiring PPMs into gameplay state. AddOrUpdateBlendable threads recur (often older but present). remediated 2026-05-18: C++ API URL redirects to root; Blueprint API node BlueprintAPI/Rendering/AddorUpdateBlendable is canonical for the same behavior,stable,medium,yes,~20,0
post-process-material-runtime,Post Process Materials,https://dev.epicgames.com/documentation/en-us/unreal-engine/post-process-materials-in-unreal-engine,"Designing Visuals, Rendering, and Graphics",3,forum:~20 reddit:0,medium,yes,Technical Art,Post-process materials applied via PostProcessVolume or camera; gameplay code drives parameters via UMaterialInstanceDynamic and AddOrUpdateBlendable. Ambiguous: doc page is artist-facing but canonical entry for programmers wiring PPMs to gameplay. Post-process materials from gameplay get steady traffic,stable,medium,yes,~20,0
primitive-scene-proxy,FPrimitiveSceneProxy,https://dev.epicgames.com/documentation/en-us/unreal-engine/API/Runtime/Engine/FPrimitiveSceneProxy,"Designing Visuals, Rendering, and Graphics",4,forum:~20 reddit:0,medium,yes,Technical Art,Render-thread mirror of UPrimitiveComponent; subclass to implement custom primitive rendering (custom mesh component custom debug draw custom mesh batches). Core programmer surface for any component that draws something custom. Steady custom-mesh-rendering threads,stable,medium,yes,~20,0
ray-tracing-presets,Hardware Ray Tracing and Path Tracer Features Properties,https://dev.epicgames.com/documentation/en-us/unreal-engine/ray-tracing-and-path-tracer-features-properties-in-unreal-engine,"Designing Visuals, Rendering, and Graphics",3,,n/a,no,n/a,Hardware ray-tracing visual settings. Visual preset tuning; out of scope,stable,,,,
rdg-frdgbuilder-addpass,FRDGBuilder,https://dev.epicgames.com/documentation/en-us/unreal-engine/API/Runtime/RenderCore/FRDGBuilder,"Designing Visuals, Rendering, and Graphics",4,forum:~5 reddit:0,low,yes,Technical Art,Programmer API to add a lambda pass to the render graph with an associated shader-parameter struct. Includes AllocParameters<>() usage for binding RDG resources. Specific AddPass calls rarely discussed by name; rolled into RDG,stable,low,yes,~5,0
rdg-render-dependency-graph,Render Dependency Graph (RDG),https://dev.epicgames.com/documentation/en-us/unreal-engine/render-dependency-graph-in-unreal-engine,"Designing Visuals, Rendering, and Graphics",3,forum:~20 reddit:0,medium,yes,Technical Art,"Immediate-mode API that records render commands into a graph data structure compiled and executed by the renderer. Core programmer-facing surface for custom rendering work. RDG threads are steady (compute shaders, custom passes); not huge but firmly medium",stable,medium,yes,~20,0
reflection-capture,Reflections Captures,https://dev.epicgames.com/documentation/en-us/unreal-engine/reflections-captures-in-unreal-engine,"Designing Visuals, Rendering, and Graphics",3,,n/a,no,n/a,Captures local environment for reflections. Lighting/lookdev surface,stable,,,,
render-resource,FRenderResource,https://dev.epicgames.com/documentation/en-us/unreal-engine/API/Runtime/RenderCore/FRenderResource,"Designing Visuals, Rendering, and Graphics",4,forum:~20 reddit:0,medium,yes,Technical Art,"Base class for rendering resources owned by the render thread (InitRHI/ReleaseRHI lifecycle); used when authoring custom GPU resources. Programmer-callable. More activity than expected — primarily via the ""FRenderResource was deleted without being released"" error cluster; bumped low->medium",stable,low,yes,~20,0
render-resource-viewer,Render Resource Viewer,https://dev.epicgames.com/documentation/en-us/unreal-engine/render-resource-viewer-in-unreal-engine,"Designing Visuals, Rendering, and Graphics",3,,n/a,no,n/a,Editor tool to inspect GPU-resident resources and their owning assets. Editor UI / profiling tool not programmer-callable rendering,stable,,,,
rhi,RHI (RHI),https://dev.epicgames.com/documentation/en-us/unreal-engine/API/Runtime/RHI,"Designing Visuals, Rendering, and Graphics",3,forum:~20 reddit:0,medium,yes,Technical Art,"Platform-independent abstraction layer over D3D/Vulkan/Metal; programmer-facing surface beneath RDG and global shaders. Relevant because RDG/global-shader work touches RHI types. RHI gets recurring ""what is RHI / DX12 vs Vulkan"" threads + technical accesses",stable,medium,yes,~20,0
scene-capture-component-2d,USceneCaptureComponent2D,https://dev.epicgames.com/documentation/en-us/unreal-engine/API/Runtime/Engine/USceneCaptureComponent2D,"Designing Visuals, Rendering, and Graphics",4,forum:>50 reddit:0,high,yes,Technical Art,"Component that captures a snapshot of the scene from a single plane into a 2D render target. Gameplay programmers attach and drive these from C++. Very common (portals, minimaps, mirrors); confirmed high",stable,high,yes,>50,0
scene-capture-component-cube,USceneCaptureComponentCube,https://dev.epicgames.com/documentation/en-us/unreal-engine/API/Runtime/Engine/USceneCaptureComponentCube,"Designing Visuals, Rendering, and Graphics",4,forum:~20 reddit:0,medium,yes,Technical Art,"Component that captures the scene from 6 planes into a cubemap render target. Listed explicitly by orchestrator. Active threads on cube captures (mirrors, reflection probes, perf)",stable,medium,yes,~20,0
scene-view-extension,ISceneViewExtension / FSceneViewExtensionBase,https://dev.epicgames.com/documentation/en-us/unreal-engine/API/Runtime/Engine/ISceneViewExtension,"Designing Visuals, Rendering, and Graphics",4,forum:~20 reddit:0,medium,yes,Technical Art,Interface (and base class) gameplay programmers subclass to hook into BeginRenderViewFamily / PreRenderView / PostRenderView render passes. Canonical FViewExtension hook. SceneViewExtension is a canonical hook with steady threads,stable,medium,yes,~20,0
scene-view-extensions-registry,FSceneViewExtensions,https://dev.epicgames.com/documentation/en-us/unreal-engine/API/Runtime/Engine/FSceneViewExtensions,"Designing Visuals, Rendering, and Graphics",4,forum:~5 reddit:0,low,yes,Technical Art,Repository of all registered scene view extensions; programmer-visible registration API used to install a custom view extension. Companion to ISceneViewExtension. The registry sub-symbol is rarely the subject; one direct thread,stable,low,yes,~5,0
shader-parameter-struct,Shader parameter struct macros (SHADER_PARAMETER_STRUCT),https://dev.epicgames.com/documentation/en-us/unreal-engine/shader-development-in-unreal-engine,"Designing Visuals, Rendering, and Graphics",4,forum:prior reddit:prior,low,yes,Technical Art,Macro-based system (BEGIN_SHADER_PARAMETER_STRUCT/SHADER_PARAMETER_RDG_TEXTURE/etc.) for declaring shader/RDG parameter structs from C++. Foundation under RDG. SHADER_PARAMETER_STRUCT macros are niche RDG plumbing. remediated 2026-05-18: SHADER_PARAMETER macro reference redirects to root; coverage merged into shader-development-in-unreal-engine,stable,low,no,n/a,n/a
shaders-in-plugins,Overview of Shaders in Plugins,https://dev.epicgames.com/documentation/en-us/unreal-engine/overview-of-shaders-in-plugins-unreal-engine,"Designing Visuals, Rendering, and Graphics",3,forum:~20 reddit:0,medium,yes,Technical Art,"How to ship custom HLSL shader files inside a plugin module that loads before engine init (LoadingPhase=PostConfigInit). Required scaffolding for any project that adds its own shaders from C++. Recurring ""how do I ship shaders in my plugin"" thread cluster",stable,medium,yes,~20,0
sky-atmosphere,Sky Atmosphere Component,https://dev.epicgames.com/documentation/en-us/unreal-engine/sky-atmosphere-component-in-unreal-engine,"Designing Visuals, Rendering, and Graphics",3,,n/a,no,n/a,Procedural sky/atmosphere component. Artist/lookdev surface,stable,,,,
slate-postbuffers,Slate Postbuffers (Slate PP for UMG),https://dev.epicgames.com/documentation/en-us/unreal-engine/using-slate-postbuffers-in-unreal-engine,"Designing Visuals, Rendering, and Graphics",3,,n/a,no,n/a,Use Slate postbuffers to drive UI materials with post-process effects (blur distortion) for UMG widgets. Tagged Experimental on Epic's roadmap; exclude per Experimental/Beta rule,experimental,,,,
user-scene-textures,User Scene Textures for Post Process Materials,https://dev.epicgames.com/documentation/en-us/unreal-engine/post-process-material-user-scene-textures-in-unreal-engine,"Designing Visuals, Rendering, and Graphics",4,forum:~5 reddit:0,low,yes,Technical Art,User-defined transient render targets readable/writable across post-process materials; enables multi-pass post-process chains. New in 5.5. New in 5.5; small but recent thread set. Will likely grow but currently low,stable,low,yes,~5,0
viewport-client-game,UGameViewportClient,https://dev.epicgames.com/documentation/en-us/unreal-engine/API/Runtime/Engine/UGameViewportClient,"Designing Visuals, Rendering, and Graphics",4,forum:~20 reddit:0,medium,yes,Technical Art,Engine's interface to a game viewport; subclassed to override Draw() and inject custom screen-space rendering or UI compositing. Ambiguous between Programming and Rendering sections; only this trace listed it. Custom UGameViewportClient questions are a steady C++ topic,stable,medium,yes,~20,0
virtual-shadow-maps,Virtual Shadow Maps,https://dev.epicgames.com/documentation/en-us/unreal-engine/virtual-shadow-maps-in-unreal-engine,"Designing Visuals, Rendering, and Graphics",3,,n/a,no,n/a,High-resolution dynamic shadow technique. Lighting tuning / artist-facing,stable,,,,
actor-lifecycle,Actor Lifecycle,https://dev.epicgames.com/documentation/en-us/unreal-engine/unreal-engine-actor-lifecycle,Making Interactive Experiences,3,forum:>50 reddit:~20,high,yes,Gameplay Programming,What happens when an Actor is loaded or spawned initialized ticked and destroyed. PostInitializeComponents / BeginPlay / EndPlay ordering. BeginPlay / EndPlay / lifecycle ordering — daily question,stable,high,yes,>50,~20
add-custom-object-type,Add a Custom Object Type to Your Project,https://dev.epicgames.com/documentation/en-us/unreal-engine/add-a-custom-object-type-to-your-project-in-unreal-engine,Making Interactive Experiences,4,forum:~20 reddit:~5,medium,yes,Gameplay Programming,How-to: add a project-specific collision object channel. Custom channel registration in project settings. Custom channel threads abundant,stable,medium,yes,~20,~5
add-custom-trace-type,Add a Custom Trace Type to your Project,https://dev.epicgames.com/documentation/en-us/unreal-engine/add-a-custom-trace-type-to-your-project-in-unreal-engine,Making Interactive Experiences,4,forum:~20 reddit:~5,medium,yes,Gameplay Programming,How-to: define a custom trace channel and use it from LineTraceByChannel. Companion to custom object types. Same custom-channel space,stable,medium,yes,~20,~5
ai-components,AI Components,https://dev.epicgames.com/documentation/en-us/unreal-engine/ai-components-in-unreal-engine,Making Interactive Experiences,3,forum:prior reddit:prior,medium,yes,Gameplay Programming,Catalog of AI-related ActorComponents: AIPerception PawnSensing PathFollowing. Where AIPerceptionComponent and PawnSensingComponent live. AI ActorComponent catalog page; some discussion but mostly absorbed into AI Perception/Behavior Tree threads,stable,medium,no,n/a,n/a
ai-debugging,AI Debugging,https://dev.epicgames.com/documentation/en-us/unreal-engine/ai-debugging-in-unreal-engine,Making Interactive Experiences,3,forum:prior reddit:prior,medium,yes,Debug & Refactoring,Gameplay Debugger / Visual Logger surfaces for AI state. Apostrophe-key gameplay debugger console. Gameplay Debugger / Visual Logger threads exist; tagged medium,stable,medium,no,n/a,n/a
ai-perception,AI Perception,https://dev.epicgames.com/documentation/en-us/unreal-engine/ai-perception-in-unreal-engine,Making Interactive Experiences,3,forum:>50 reddit:~20,high,yes,Gameplay Programming,Component+system for sight/hearing/damage stimulus events on AI controllers. Core AI building block. Heavily discussed; sight/hearing perception is staple AI feature,stable,high,yes,>50,~20
anim-dynamics,AnimDynamics,https://dev.epicgames.com/documentation/en-us/unreal-engine/animation-blueprint-animdynamics-in-unreal-engine,Making Interactive Experiences,4,forum:~20 reddit:~5,medium,yes,Technical Art,"Lightweight rigid-body chain solver as an AnimGraph node for secondary motion. Cheap pendulum/cloth-like jiggle without a PhysicsAsset. Multiple active threads, but niche feature",stable,medium,yes,~20,~5
applying-physical-animation-profile,Applying a Physical Animation Profile,https://dev.epicgames.com/documentation/en-us/unreal-engine/applying-a-physical-animation-profile-in-unreal-engine,Making Interactive Experiences,4,forum:~20 reddit:~5,medium,yes,Gameplay Programming,Apply per-profile strength settings to a Physical Animation Component at runtime. Profile-based ragdoll-to-animation blending. Active threads on physical animation,stable,medium,yes,~20,~5
artificial-intelligence,Artificial Intelligence,https://dev.epicgames.com/documentation/en-us/unreal-engine/artificial-intelligence-in-unreal-engine,Making Interactive Experiences,2,,n/a,no,n/a,Hub for AI tooling (BT EQS Perception Navigation AI Components). Depth 2 hub,stable,,,,
basic-navigation,Basic Navigation,https://dev.epicgames.com/documentation/en-us/unreal-engine/basic-navigation-in-unreal-engine,Making Interactive Experiences,4,forum:prior reddit:prior,medium,yes,Gameplay Programming,Walkthrough of NavMesh generation and the simplest MoveTo flow. Onboarding chapter for navigation. Onboarding page of nav system,stable,medium,no,n/a,n/a
behavior-tree-overview,Behavior Tree Overview,https://dev.epicgames.com/documentation/en-us/unreal-engine/behavior-tree-in-unreal-engine---overview,Making Interactive Experiences,4,forum:prior reddit:prior,medium,yes,Architecture & Systems,Conceptual differences vs. traditional BTs; lazy evaluation services. Sibling of user guide / quick start. Sub-page of BT; some discussion under parent name,stable,medium,no,n/a,n/a
behavior-tree-quick-start,Behavior Tree Quick Start Guide,https://dev.epicgames.com/documentation/en-us/unreal-engine/behavior-tree-in-unreal-engine---quick-start-guide,Making Interactive Experiences,4,forum:prior reddit:prior,medium,yes,Gameplay Programming,End-to-end walkthrough building a patrol/chase AI with BT + Blackboard. Hands-on tutorial. Sub-page of BT,stable,medium,no,n/a,n/a
behavior-tree-user-guide,Behavior Tree User Guide,https://dev.epicgames.com/documentation/en-us/unreal-engine/behavior-tree-in-unreal-engine---user-guide,Making Interactive Experiences,4,forum:prior reddit:prior,medium,yes,Architecture & Systems,How to author Behavior Tree assets and related Blackboard data. Authoring workflow page. Sub-page of BT,stable,medium,no,n/a,n/a
behavior-trees,Behavior Trees,https://dev.epicgames.com/documentation/en-us/unreal-engine/behavior-trees-in-unreal-engine,Making Interactive Experiences,3,forum:>50 reddit:~20,high,yes,Architecture & Systems,Asset that drives NPC AI via a hierarchical event-driven decision tree. Event-driven on-demand evaluation variant of classic BT. Canonical AI feature; heavy ongoing community discussion,stable,high,yes,>50,~20
bt-node-reference-composites,Behavior Tree Node Reference: Composites,https://dev.epicgames.com/documentation/en-us/unreal-engine/unreal-engine-behavior-tree-node-reference-composites,Making Interactive Experiences,4,forum:~20 reddit:~5,medium,yes,Gameplay Programming,Selector / Sequence / SimpleParallel control-flow nodes. Node reference. Active composite-specific threads,stable,medium,yes,~20,~5
bt-node-reference-decorators,Behavior Tree Node Reference: Decorators,https://dev.epicgames.com/documentation/en-us/unreal-engine/unreal-engine-behavior-tree-node-reference-decorators,Making Interactive Experiences,4,forum:~20 reddit:~5,medium,yes,Gameplay Programming,Conditional gates on subtrees (Blackboard Cooldown Loop etc.). Node reference. Heavy decorator-specific threads,stable,medium,yes,~20,~5
bt-node-reference-services,Behavior Tree Node Reference: Services,https://dev.epicgames.com/documentation/en-us/unreal-engine/unreal-engine-behavior-tree-node-reference-services,Making Interactive Experiences,4,forum:~20 reddit:~5,medium,yes,Gameplay Programming,Background nodes that tick while a subtree is active used to update Blackboard. Node reference. Active service-specific threads,stable,medium,yes,~20,~5
camera-actors,Camera Actors,https://dev.epicgames.com/documentation/en-us/unreal-engine/camera-actors-in-unreal-engine,Making Interactive Experiences,3,forum:~20 reddit:~5,medium,yes,Gameplay Programming,Placed-in-world cameras the PlayerController can view through. Core gameplay programming. Active camera-actor threads,stable,medium,yes,~20,~5
camera-shakes,Camera Shakes,https://dev.epicgames.com/documentation/en-us/unreal-engine/camera-shakes-in-unreal-engine,Making Interactive Experiences,3,forum:>50 reddit:~20,high,yes,Gameplay Programming,Procedural and curve-driven camera shake patterns from gameplay events. MatineeCameraShake PerlinNoise pattern world-space shake. Many tutorials and questions,stable,high,yes,>50,~20
cameras,Camera,https://dev.epicgames.com/documentation/en-us/unreal-engine/cameras-in-unreal-engine,Making Interactive Experiences,2,,n/a,no,n/a,Hub for cameras (CameraActor CameraComponent PlayerCameraManager GCS). Depth 2 hub,stable,,,,
chaos-destruction,Chaos Destruction,https://dev.epicgames.com/documentation/en-us/unreal-engine/chaos-destruction-in-unreal-engine,Making Interactive Experiences,3,forum:>50 reddit:~20,high,yes,Architecture & Systems,Geometry Collection / fracturing system for destructible meshes. GeometryCollection + ChaosSolver actor. Many tutorials and threads,stable,high,yes,>50,~20
chaos-modular-vehicles,Chaos Modular Vehicles Overview,https://dev.epicgames.com/documentation/en-us/unreal-engine/chaos-modular-vehicles-overview,Making Interactive Experiences,4,,n/a,no,n/a,Newer experimental modular vehicle simulation. Excluded by rule 1 (Beta/Experimental),beta,,,,
chaos-vehicles,Chaos Vehicles,https://dev.epicgames.com/documentation/en-us/unreal-engine/chaos-vehicles,Making Interactive Experiences,3,forum:>50 reddit:~20,high,yes,Gameplay Programming,"Chaos-based wheeled vehicle system with WheeledVehiclePawn and ChaosWheeledVehicleMovementComponent. Core gameplay programming. Active vehicle threads, multiple tutorials",stable,high,yes,>50,~20
characters,Characters,https://dev.epicgames.com/documentation/en-us/unreal-engine/characters-in-unreal-engine,Making Interactive Experiences,3,forum:prior reddit:prior,high,yes,Gameplay Programming,Pawn subclass with a capsule skeletal mesh and built-in CMC for walking/jumping. Core gameplay programming. Character is the most common Pawn subclass — huge volume,stable,high,no,n/a,n/a
collision-overview,Collision Overview,https://dev.epicgames.com/documentation/en-us/unreal-engine/collision-in-unreal-engine---overview,Making Interactive Experiences,3,forum:>50 reddit:~20,high,yes,Gameplay Programming,How collision responses channels and queries operate on Primitive Components. Core gameplay programming. Foundational topic; constant questions,stable,high,yes,>50,~20
collision-response-reference,Collision Response Reference,https://dev.epicgames.com/documentation/en-us/unreal-engine/collision-response-reference-in-unreal-engine,Making Interactive Experiences,4,forum:prior reddit:prior,medium,yes,Gameplay Programming,Reference for Collision Presets and channel-response matrix. Reference page. Reference table; absorbed in collision discussion,stable,medium,no,n/a,n/a
common-ui-overview,Common UI Overview,https://dev.epicgames.com/documentation/en-us/unreal-engine/overview-of-advanced-multiplatform-user-interfaces-with-common-ui-for-unreal-engine,Making Interactive Experiences,3,forum:>50 reddit:~20,high,yes,Gameplay Programming,Multi-platform UI plugin solving controller focus soft routing activatable widgets. ActivatableWidget stack + input mode coordination. Heavily discussed since UE5 launch,stable,high,yes,>50,~20
common-ui-quickstart,Common UI Quickstart Guide,https://dev.epicgames.com/documentation/en-us/unreal-engine/common-ui-quickstart-guide-for-unreal-engine,Making Interactive Experiences,4,forum:prior reddit:prior,medium,yes,Gameplay Programming,Step-by-step Common UI sample integration. Hands-on tutorial. Sub-page of Common UI,stable,medium,no,n/a,n/a
commonui-input-technical-guide,Input Technical Guide,https://dev.epicgames.com/documentation/en-us/unreal-engine/commonui-input-technical-guide-for-unreal-engine,Making Interactive Experiences,4,forum:>50 reddit:~10,high,yes,Gameplay Programming,Deep dive on Common UI's synthetic cursor and gamepad routing. Synthetic-cursor click model. Input/CommonUI threads are heavy; promoted from medium,stable,medium,yes,>50,~10
commonui-with-enhanced-input,Using CommonUI With Enhanced Input,https://dev.epicgames.com/documentation/en-us/unreal-engine/using-commonui-with-enhnaced-input-in-unreal-engine,Making Interactive Experiences,3,forum:>50 reddit:~5,high,yes,Gameplay Programming,"Integrate Enhanced Input action routing with CommonUI's input handling stack. Action-binding to CommonUI widgets. URL contains typo enhnaced (Epic's own slug typo). Many active recent forum threads (10+ shown plus pagination), promoted to high",stable,medium,yes,>50,~5
creating-dynamic-animations,Creating Dynamic Animations,https://dev.epicgames.com/documentation/en-us/unreal-engine/creating-dynamic-animations-in-unreal-engine,Making Interactive Experiences,4,forum:prior reddit:prior,medium,yes,Gameplay Programming,Overview of dynamic / physics-influenced animation techniques. Sibling of physics-driven-animation. Sibling of physics-driven-animation,stable,medium,no,n/a,n/a
creating-physical-animation-profile,Creating a Physical Animation Profile,https://dev.epicgames.com/documentation/en-us/unreal-engine/creating-a-physical-animation-profile-in-unreal-engine,Making Interactive Experiences,4,forum:~20 reddit:~5,medium,yes,Gameplay Programming,Author Physical Animation Profiles in the Physics Asset Editor. Authoring workflow. Same physical-animation space,stable,medium,yes,~20,~5
creating-ui-with-umg-and-slate,Creating User Interfaces,https://dev.epicgames.com/documentation/en-us/unreal-engine/creating-user-interfaces-with-umg-and-slate-in-unreal-engine,Making Interactive Experiences,3,forum:>50 reddit:>50,high,yes,Gameplay Programming,Author UI with UMG widgets at design time and bind to gameplay via Blueprints/C++. UMG is the runtime UI surface for gameplay code. also in: Programming and Scripting (Agent A ps.umg-and-slate). UMG questions dominate the UI forum,stable,high,yes,>50,>50
default-pawn,ADefaultPawn,https://dev.epicgames.com/documentation/en-us/unreal-engine/API/Runtime/Engine/ADefaultPawn,Making Interactive Experiences,4,forum:prior reddit:prior,low,yes,Gameplay Programming,Default pawn implementation: spherical collision + UFloatingPawnMovement; the base class behind ASpectatorPawn and a common starter-template pawn. Added in v2 refresh.,stable,low,yes,prior,prior
destruction-overview,Destruction Overview,https://dev.epicgames.com/documentation/en-us/unreal-engine/destruction-overview,Making Interactive Experiences,4,forum:prior reddit:prior,medium,yes,Architecture & Systems,Conceptual introduction to Chaos Destruction concepts. Conceptual page. Sub-page of Chaos Destruction,stable,medium,no,n/a,n/a
enhanced-input,Enhanced Input,https://dev.epicgames.com/documentation/en-us/unreal-engine/enhanced-input-in-unreal-engine,Making Interactive Experiences,2,forum:>50 reddit:~20,high,yes,Gameplay Programming,Data-driven input system using Input Actions Input Mapping Contexts Triggers and Modifiers. Current recommended input system. also in: Programming and Scripting (Agent A ps.enhanced-input). Agent B tagged this depth-2 hub in_scope=no; promoted to yes since Agent A treated it as a leaf concept. One of the highest-volume topics post-UE5; Reddit `site:` was empty but Reddit chatter is high,stable,high,yes,>50,~20
environment-query-system,Environment Query System,https://dev.epicgames.com/documentation/en-us/unreal-engine/environment-query-system-in-unreal-engine,Making Interactive Experiences,3,forum:>50 reddit:~5,high,yes,Gameplay Programming,Query-and-score system for picking locations/actors that satisfy weighted tests. Generators + tests + contexts pipeline. Many EQS threads spanning years; widely used with BT,stable,high,yes,>50,~5
eqs-overview,Environment Query System Overview,https://dev.epicgames.com/documentation/en-us/unreal-engine/environment-query-system-overview-in-unreal-engine,Making Interactive Experiences,4,forum:prior reddit:prior,medium,yes,Gameplay Programming,Conceptual EQS overview: items generators tests score normalization. Conceptual entry. Sub-page of EQS,stable,medium,no,n/a,n/a
eqs-quick-start,Environment Query System Quick Start,https://dev.epicgames.com/documentation/en-us/unreal-engine/environment-query-system-quick-start-in-unreal-engine,Making Interactive Experiences,4,forum:prior reddit:prior,medium,yes,Gameplay Programming,Step-by-step: hook an EQS query into a Behavior Tree to pick a target spot. Hands-on tutorial. Sub-page of EQS,stable,medium,no,n/a,n/a
eqs-user-guide,Environment Query System User Guide,https://dev.epicgames.com/documentation/en-us/unreal-engine/environment-query-system-user-guide-in-unreal-engine,Making Interactive Experiences,4,forum:prior reddit:prior,medium,yes,Gameplay Programming,Authoring guide for building EQS queries in the editor. Authoring workflow. Sub-page of EQS,stable,medium,no,n/a,n/a
game-features-and-modular-gameplay,Game Features and Modular Gameplay,https://dev.epicgames.com/documentation/en-us/unreal-engine/game-features-and-modular-gameplay-in-unreal-engine,Making Interactive Experiences,3,forum:~20 reddit:~5,medium,yes,Content Integration,Plugin-based system to inject components abilities data and assets into a base game at runtime. GameFeatureAction / GameFrameworkComponentManager. also in: Programming and Scripting (Agent A ps.game-features-modular-gameplay). Growing area thanks to Lyra but still emerging,stable,medium,yes,~20,~5
game-mode-and-game-state,Game Mode and Game State,https://dev.epicgames.com/documentation/en-us/unreal-engine/game-mode-and-game-state-in-unreal-engine,Making Interactive Experiences,3,forum:>50 reddit:>50,high,yes,Gameplay Programming,"Rules object (Game Mode) plus replicated match state (Game State) at the top of the gameplay class hierarchy. Core gameplay programming. also in: Programming and Scripting (Agent A ps.gamemode-gamestate); URL slug differs (gamemode vs game-mode). ""GameMode vs GameState vs PlayerState vs GameInstance"" is a classic question",stable,high,yes,>50,>50
gameplay-camera-system,Gameplay Camera System,https://dev.epicgames.com/documentation/en-us/unreal-engine/gameplay-camera-system,Making Interactive Experiences,3,,n/a,no,n/a,Newer data-driven gameplay camera framework (cameras rigs directors). Excluded by rule 1 (marked Experimental in 5.7 docs),experimental,,,,
gameplay-camera-system-overview,Gameplay Camera System Overview,https://dev.epicgames.com/documentation/en-us/unreal-engine/gameplay-camera-system-overview,Making Interactive Experiences,4,,n/a,no,n/a,Conceptual overview of the experimental gameplay camera framework. Excluded by rule 1 (Experimental),experimental,,,,
gameplay-camera-system-quick-start,Gameplay Camera System Quick Start,https://dev.epicgames.com/documentation/en-us/unreal-engine/gameplay-camera-system-quick-start,Making Interactive Experiences,4,,n/a,no,n/a,Step-by-step setup for the experimental gameplay camera system. Excluded by rule 1 (Experimental),experimental,,,,
gameplay-framework,Gameplay Framework,https://dev.epicgames.com/documentation/en-us/unreal-engine/gameplay-framework-in-unreal-engine,Making Interactive Experiences,2,,n/a,no,n/a,Hub describing the core game systems (game mode player state controllers pawns cameras). Depth 2 hub page; orientation row excluded from leaf concept count,stable,,,,
gameplay-tags,Gameplay Tags,https://dev.epicgames.com/documentation/en-us/unreal-engine/using-gameplay-tags-in-unreal-engine,Making Interactive Experiences,3,forum:prior reddit:prior,high,yes,Content Integration,Hierarchical FName-based labels (e.g. State.Dead) usable from C++/BP for classification and lookup. Heavily used by GAS Modular Gameplay and Enhanced Input. also in: Programming and Scripting (Agent A ps.gameplay-tags). GAS+GameplayTags discussion is huge,stable,high,no,n/a,n/a
gas-attributes,Gameplay Attributes and Attribute Sets,https://dev.epicgames.com/documentation/en-us/unreal-engine/gameplay-attributes-and-attribute-sets-for-the-gameplay-ability-system-in-unreal-engine,Making Interactive Experiences,4,forum:>50 reddit:~20,high,yes,Gameplay Programming,Replicated numeric stats grouped into AttributeSets with Pre/PostGameplayEffectExecute hooks. Core GAS data type. AttributeSet is one of the most-asked-about GAS topics,stable,high,yes,>50,~20
gas-effects,Gameplay Effects,https://dev.epicgames.com/documentation/en-us/unreal-engine/gameplay-effects-for-the-gameplay-ability-system-in-unreal-engine,Making Interactive Experiences,4,forum:>50 reddit:~20,high,yes,Gameplay Programming,Authored modifiers/duration buffs that mutate attributes and add tags. Instant / duration / infinite effects + period. GAS Gameplay Effects heavily discussed,stable,high,yes,>50,~20
gas-overview,Gameplay Ability System (GAS),https://dev.epicgames.com/documentation/en-us/unreal-engine/gameplay-ability-system-for-unreal-engine,Making Interactive Experiences,3,forum:prior reddit:prior,high,yes,Architecture & Systems,Plugin/framework for abilities effects attributes cues tags — used for action RPGs. High-level overview. also in: Programming and Scripting (Agent A ps.gameplay-ability-system). GAS is one of the highest-traffic UE topics,stable,high,no,n/a,n/a
how-to-set-up-vehicles,How to Set up Vehicles,https://dev.epicgames.com/documentation/en-us/unreal-engine/how-to-set-up-vehicles-in-unreal-engine,Making Interactive Experiences,4,forum:prior reddit:prior,medium,yes,Gameplay Programming,Step-by-step Chaos vehicle setup: pawn wheels engine transmission. Authoring workflow. Step-by-step vehicle workflow; some discussion,stable,medium,no,n/a,n/a
input-actions,Enhanced Input,https://dev.epicgames.com/documentation/en-us/unreal-engine/enhanced-input-in-unreal-engine,Making Interactive Experiences,3,forum:>50 reddit:~20,high,yes,Gameplay Programming,Data asset representing what the action does (Jump Fire) decoupled from physical key. SUSPICIOUS: shares doc_url with enhanced-input hub; concept lives as sub-section on Enhanced Input hub per Agent B. Input Actions are the central Enhanced Input concept,stable,high,yes,>50,~20
input-mapping-context,UInputMappingContext,https://dev.epicgames.com/documentation/en-us/unreal-engine/API/Plugins/EnhancedInput/UInputMappingContext,Making Interactive Experiences,3,forum:prior reddit:prior,high,yes,Gameplay Programming,Collection of key->action mappings activated/deactivated per gameplay context. Priority-based context stack on EnhancedInputLocalPlayerSubsystem. IMC is central to Enhanced Input — extremely common,stable,high,no,n/a,n/a
input-modifiers,Enhanced Input,https://dev.epicgames.com/documentation/en-us/unreal-engine/enhanced-input-in-unreal-engine,Making Interactive Experiences,3,forum:~20 reddit:~5,medium,yes,Gameplay Programming,Transform raw key values (dead zones scalar swizzle) before they reach the action. SUSPICIOUS: shares doc_url with enhanced-input hub; section within Enhanced Input hub per Agent B. Discussed inside broader Enhanced Input threads,stable,medium,yes,~20,~5
input-overview,Input Overview,https://dev.epicgames.com/documentation/en-us/unreal-engine/input-overview-in-unreal-engine,Making Interactive Experiences,3,forum:prior reddit:prior,medium,yes,Gameplay Programming,High-level overview of the input pipeline from device to gameplay. Foundational page for input. Overview hub — most traffic goes to legacy Input or Enhanced Input directly,stable,medium,no,n/a,n/a
input-triggers,Enhanced Input,https://dev.epicgames.com/documentation/en-us/unreal-engine/enhanced-input-in-unreal-engine,Making Interactive Experiences,3,forum:prior reddit:prior,medium,yes,Gameplay Programming,Gate that decides when an action fires (Pressed Hold Tap Chorded). SUSPICIOUS: shares doc_url with enhanced-input hub; section within Enhanced Input hub per Agent B. Same audience as Modifiers; many threads name both together,stable,medium,no,n/a,n/a
mass-entity,MassEntity,https://dev.epicgames.com/documentation/en-us/unreal-engine/mass-entity-in-unreal-engine,Making Interactive Experiences,3,forum:>50 reddit:~20,high,yes,Architecture & Systems,Data-oriented ECS-style framework for very large entity counts. Archetype/fragment/processor terminology. Mass framework is hot topic in 2024-2025,stable,high,yes,>50,~20
mass-entity-overview,MassEntity Overview,https://dev.epicgames.com/documentation/en-us/unreal-engine/overview-of-mass-entity-in-unreal-engine,Making Interactive Experiences,4,forum:prior reddit:prior,medium,yes,Architecture & Systems,Conceptual intro to Mass entities fragments and processors. Conceptual page under Mass Entity. Sub-page of Mass Entity,stable,medium,no,n/a,n/a
mass-gameplay,MassGameplay Overview,https://dev.epicgames.com/documentation/en-us/unreal-engine/overview-of-mass-gameplay-in-unreal-engine,Making Interactive Experiences,3,forum:~20 reddit:~5,medium,yes,Architecture & Systems,Mass Gameplay plugin: world representation LOD spawning replication StateTree for entities. Gameplay-facing wrapper over MassEntity. Discussed alongside Mass Entity; many threads,stable,medium,yes,~20,~5
modifying-navmesh-preparation,Modifying the Navigation Mesh Preparation Guide,https://dev.epicgames.com/documentation/en-us/unreal-engine/modifying-the-navigation-mesh-preparation-guide-in-unreal-engine,Making Interactive Experiences,4,forum:prior reddit:prior,low,yes,Gameplay Programming,How NavModifier volumes and dynamic obstacles influence NavMesh generation. NavArea classes and cost overrides. Niche preparation reference page,stable,low,no,n/a,n/a
movement-components,Movement Components,https://dev.epicgames.com/documentation/en-us/unreal-engine/movement-components-in-unreal-engine,Making Interactive Experiences,3,forum:>50 reddit:~20,high,yes,Gameplay Programming,Catalog of MovementComponent subclasses (CMC Projectile Floating Rotating). Core gameplay programming. CMC + Floating Pawn + Projectile heavily discussed,stable,high,yes,>50,~20
mover-examples,Mover Examples,https://dev.epicgames.com/documentation/en-us/unreal-engine/mover-examples-in-unreal-engine,Making Interactive Experiences,4,,n/a,no,n/a,Walkthrough of the Mover Examples sample content. Excluded by rule 1 (Beta),beta,,,,
mover-features-and-concepts,Mover Features and Concepts,https://dev.epicgames.com/documentation/en-us/unreal-engine/mover-features-and-concepts-in-unreal-engine,Making Interactive Experiences,4,,n/a,no,n/a,MoverComponent movement modes and rollback hooks. Excluded by rule 1 (Beta),beta,,,,
mover-plugin,Mover,https://dev.epicgames.com/documentation/en-us/unreal-engine/mover-in-unreal-engine,Making Interactive Experiences,3,,n/a,no,n/a,Modular movement plugin intended to succeed the CMC with rollback networking. Excluded by rule 1 (Beta in 5.7 docs),beta,,,,
navigation-avoidance,Using Avoidance With the Navigation System,https://dev.epicgames.com/documentation/en-us/unreal-engine/using-avoidance-with-the-navigation-system-in-unreal-engine,Making Interactive Experiences,4,forum:~20 reddit:~5,medium,yes,Gameplay Programming,RVO and Detour Crowd avoidance steering on top of NavMesh paths. AvoidanceManager (RVO) vs Crowd Manager (Detour). Detour Crowd / RVO threads regular,stable,medium,yes,~20,~5
navigation-invokers,Using Navigation Invokers,https://dev.epicgames.com/documentation/en-us/unreal-engine/using-navigation-invokers-in-unreal-engine,Making Interactive Experiences,4,forum:~20 reddit:~5,medium,yes,Gameplay Programming,Build NavMesh tiles only near tagged agents at runtime removing offline bake. Open-world / streamed-world friendly. Active streaming-world/open-world threads,stable,medium,yes,~20,~5
navigation-system,Navigation System,https://dev.epicgames.com/documentation/en-us/unreal-engine/navigation-system-in-unreal-engine,Making Interactive Experiences,3,forum:>50 reddit:~20,high,yes,Gameplay Programming,Components of the Navigation System (NavMesh NavLink NavQueryFilter NavInvoker). Core gameplay programming. NavMesh is core feature with heavy reddit/forum discussion,stable,high,yes,>50,~20
networked-movement-cmc,Networked Movement in the Character Movement Component,https://dev.epicgames.com/documentation/en-us/unreal-engine/understanding-networked-movement-in-the-character-movement-component-for-unreal-engine,Making Interactive Experiences,4,forum:prior reddit:prior,high,yes,Architecture & Systems,Client prediction server reconciliation and saved moves in the CMC. FSavedMove_Character pipeline. Client prediction / CMC networking is heavily discussed,stable,high,no,n/a,n/a
networked-physics,Networked Physics,https://dev.epicgames.com/documentation/en-us/unreal-engine/networked-physics,Making Interactive Experiences,4,forum:~20 reddit:~5,medium,yes,Architecture & Systems,Networked physics setup details and the Network Physics Component. Companion to overview. Same networked-physics space,stable,medium,yes,~20,~5
networked-physics-overview,Networked Physics Overview,https://dev.epicgames.com/documentation/en-us/unreal-engine/networked-physics-overview,Making Interactive Experiences,3,forum:~20 reddit:~5,medium,yes,Architecture & Systems,How Chaos physics objects replicate with prediction and resimulation. Physics resimulation pipeline. Active networked-physics tutorials and threads,stable,medium,yes,~20,~5
pawn,Pawn,https://dev.epicgames.com/documentation/en-us/unreal-engine/pawn-in-unreal-engine,Making Interactive Experiences,3,forum:prior reddit:prior,high,yes,Gameplay Programming,Base class of all actors that can be possessed by players or AI. Core gameplay programming. also in: Programming and Scripting (Agent A ps.pawn). Pawn is foundational,stable,high,no,n/a,n/a
physics-asset-editor,Physics Asset Editor,https://dev.epicgames.com/documentation/en-us/unreal-engine/physics-asset-editor-in-unreal-engine,Making Interactive Experiences,3,,n/a,no,n/a,Editor used to set up physics bodies/constraints for skeletal mesh ragdolls. Excluded by rule 4 (editor UI internals),editor-ui,,,,
physics-bodies-reference,Physics Bodies Reference,https://dev.epicgames.com/documentation/en-us/unreal-engine/physics-bodies-reference-for-unreal-engine,Making Interactive Experiences,3,forum:prior reddit:prior,low,yes,Gameplay Programming,Property reference for Body Instance: mass damping sleep collision shape. Reference page. Deep property reference,stable,low,no,n/a,n/a
physics-components,Physics Components,https://dev.epicgames.com/documentation/en-us/unreal-engine/physics-components-in-unreal-engine,Making Interactive Experiences,3,forum:~20 reddit:~5,medium,yes,Gameplay Programming,Physical Animation Thruster and Force ActorComponents for gameplay physics. Core gameplay programming. Thruster/ForceComponent threads,stable,medium,yes,~20,~5
physics-constraint-component-user-guide,Physics Constraint Component User Guide,https://dev.epicgames.com/documentation/en-us/unreal-engine/physics-constraint-component-user-guide-in-unreal-engine,Making Interactive Experiences,4,forum:prior reddit:prior,medium,yes,Architecture & Systems,Use the constraint component from Blueprints to attach two bodies at runtime. Authoring workflow. Companion authoring page,stable,medium,no,n/a,n/a
physics-constraint-reference,Physics Constraint Reference,https://dev.epicgames.com/documentation/en-us/unreal-engine/physics-constraint-reference-in-unreal-engine,Making Interactive Experiences,4,forum:prior reddit:prior,low,yes,Architecture & Systems,All properties on UPhysicsConstraintComponent: linear/angular motors limits drives. Reference page. Deep property reference,stable,low,no,n/a,n/a
physics-constraints,Physics Constraints,https://dev.epicgames.com/documentation/en-us/unreal-engine/physics-constraints-in-unreal-engine,Making Interactive Experiences,3,forum:>50 reddit:~5,high,yes,Architecture & Systems,"Joint primitives constraining bodies to each other or to the world. Prismatic / hinge / 6-DOF joint types. Many active threads, tutorials",stable,high,yes,>50,~5
physics-driven-animation,Physics-Based Animation,https://dev.epicgames.com/documentation/en-us/unreal-engine/physics-driven-animation-in-unreal-engine,Making Interactive Experiences,3,forum:prior reddit:prior,medium,yes,Gameplay Programming,Hub for ragdoll physical animation AnimDynamics RBAN. Bridges gameplay physics and animation. Hub page; physical animation discussed,stable,medium,no,n/a,n/a
physics-fields-overview,Physics Fields Overview,https://dev.epicgames.com/documentation/en-us/unreal-engine/overview-of-physics-fields-in-unreal-engine,Making Interactive Experiences,3,forum:~20 reddit:~5,medium,yes,Architecture & Systems,Spatial field framework for applying forces/conditions to Chaos particles. Force-field gameplay (wind gravity wells fracture triggers). Multiple field-system threads,stable,medium,yes,~20,~5
physics-fields-reference,Physics Field Reference Guide,https://dev.epicgames.com/documentation/en-us/unreal-engine/reference-guide-for-physics-field-in-unreal-engine,Making Interactive Experiences,4,forum:prior reddit:prior,low,yes,Architecture & Systems,Reference for field operators (Uniform Radial Noise) and target attributes. Reference page. Deep reference; sub-page,stable,low,no,n/a,n/a
physics-in-unreal-engine,Physics,https://dev.epicgames.com/documentation/en-us/unreal-engine/physics-in-unreal-engine,Making Interactive Experiences,2,,n/a,no,n/a,Hub for the Chaos physics system. Depth 2 hub,stable,,,,
physics-settings,Physics Settings,https://dev.epicgames.com/documentation/en-us/unreal-engine/physics-settings-in-the-unreal-engine-project-settings,Making Interactive Experiences,3,forum:~20 reddit:~5,medium,yes,Architecture & Systems,Project-level Chaos solver and collision settings. Reference page. Chaos config discussions,stable,medium,yes,~20,~5
player-camera-quick-start-cpp,Player-Controlled Cameras,https://dev.epicgames.com/documentation/en-us/unreal-engine/quick-start-guide-to-player-controlled-cameras-in-unreal-engine-cpp,Making Interactive Experiences,3,forum:prior reddit:prior,medium,yes,Gameplay Programming,C++ walkthrough: pawn + camera + input glue for a player camera. Hands-on tutorial. C++ camera setup tutorial; standard pattern,stable,medium,no,n/a,n/a
player-controllers,Player Controllers,https://dev.epicgames.com/documentation/en-us/unreal-engine/player-controllers-in-unreal-engine,Making Interactive Experiences,3,forum:prior reddit:prior,high,yes,Gameplay Programming,Controllers used by human players to possess Pawns and route input. Core gameplay programming. Distinct from Agent A's ps.controllers page which also covers AIController. PlayerController is one of the most-discussed framework classes,stable,high,no,n/a,n/a
player-start-actor,Player Start Actor,https://dev.epicgames.com/documentation/en-us/unreal-engine/player-start-actor-in-unreal-engine,Making Interactive Experiences,3,forum:~20 reddit:~5,medium,yes,Gameplay Programming,"Marker actor used by Game Mode to choose where to spawn the player's Pawn. Core gameplay programming. Lots of ""where does player spawn"" beginner questions",stable,medium,yes,~20,~5
possessing-pawns,Possessing Pawns (Pawn page),https://dev.epicgames.com/documentation/en-us/unreal-engine/pawn-in-unreal-engine,Making Interactive Experiences,4,forum:~20 reddit:~5,medium,yes,Gameplay Programming,How a Controller takes ownership of a Pawn and how possession events fire. Possession lifecycle and replication of controller ownership. Switching possession is a recurring how-to. remediated 2026-05-18: standalone possessing-pawns page is dead; possession content merged into pawn-in-unreal-engine,stable,medium,yes,~20,~5
programming-subsystems,Programming Subsystems,https://dev.epicgames.com/documentation/en-us/unreal-engine/programming-subsystems-in-unreal-engine,Making Interactive Experiences,3,forum:>50 reddit:~20,high,yes,Architecture & Systems,Auto-instantiated singletons scoped to Engine/Editor/GameInstance/World/LocalPlayer lifetimes. Replaces manually-managed managers. also in: Programming and Scripting (Agent A ps.programming-subsystems). Subsystems are increasingly mainstream — upgraded from medium,stable,medium,yes,>50,~20
setting-up-a-game-mode,Setting Up a Game Mode,https://dev.epicgames.com/documentation/en-us/unreal-engine/setting-up-a-game-mode-in-unreal-engine,Making Interactive Experiences,4,forum:prior reddit:prior,medium,yes,Gameplay Programming,How-to for declaring a Game Mode subclass and wiring its default classes. Walks through GameModeBase override workflow. Game Mode setup is a common how-to. Beginner traffic decent but most discussion happens in the broader GameMode/GameState thread,stable,medium,no,n/a,n/a
setting-up-character-movement,Character Movement (Movement Components),https://dev.epicgames.com/documentation/en-us/unreal-engine/movement-components-in-unreal-engine,Making Interactive Experiences,4,forum:prior reddit:prior,high,yes,Gameplay Programming,Configure Character Movement Component for walking jumping swimming flying. Built-in CMC modes. CMC config is heavily discussed. remediated 2026-05-18: setting-up-character-movement page is dead; coverage merged into movement-components-in-unreal-engine hub,stable,high,no,n/a,n/a
slate-ui-programming-framework,Slate UI Framework,https://dev.epicgames.com/documentation/en-us/unreal-engine/slate-user-interface-programming-framework-for-unreal-engine,Making Interactive Experiences,3,forum:~20 reddit:0,medium,yes,Gameplay Programming,C++ UI framework underlying the editor and runtime UMG widgets; uses SLATE_BEGIN_ARGS / SCompoundWidget. Programmer-only UI layer. also in: Programming and Scripting (Agent A ps.slate-framework). Slate-only programming has a steady but specialist audience,stable,medium,yes,~20,0
smart-objects-quick-start,Smart Objects Quick Start,https://dev.epicgames.com/documentation/en-us/unreal-engine/smart-objects-in-unreal-engine---quick-start,Making Interactive Experiences,3,forum:~20 reddit:~5,medium,yes,Architecture & Systems,"Annotate world geometry with reservable slots that AI agents can claim and interact with. SmartObjectComponent and slot annotation. Active smart-objects threads, often paired with StateTree/Mass",stable,medium,yes,~20,~5
spawning-actors,Spawning Actors,https://dev.epicgames.com/documentation/en-us/unreal-engine/spawning-actors-in-unreal-engine,Making Interactive Experiences,3,forum:>50 reddit:>50,high,yes,Gameplay Programming,Methods of creating new Actor instances at runtime from gameplay code. SpawnActor / DeferredSpawnActor / spawning parameters. SpawnActor is one of the most-asked questions overall,stable,high,yes,>50,>50
spawning-and-destroying-actors,Spawning Actors,https://dev.epicgames.com/documentation/en-us/unreal-engine/spawning-actors-in-unreal-engine,Making Interactive Experiences,4,forum:prior reddit:prior,medium,yes,Gameplay Programming,How-to: build a runtime Actor spawner and Destroy() targets. Companion to actor-lifecycle. Subsumed into the SpawnActor topic; standalone less. remediated 2026-05-18: spawning-and-destroying-unreal-engine-actors slug is dead; relocated to spawning-actors-in-unreal-engine,stable,medium,no,n/a,n/a
spectator-pawn,ASpectatorPawn,https://dev.epicgames.com/documentation/en-us/unreal-engine/API/Runtime/Engine/ASpectatorPawn,Making Interactive Experiences,4,forum:prior reddit:prior,low,yes,Gameplay Programming,Spectator-state pawn used by PlayerController in spectator mode; derives from ADefaultPawn. Added in v2 refresh; v1 captured APawn/ACharacter but not these subclass leaves.,stable,low,yes,prior,prior
state-tree,StateTree,https://dev.epicgames.com/documentation/en-us/unreal-engine/state-tree-in-unreal-engine,Making Interactive Experiences,3,forum:>50 reddit:~5,high,yes,Architecture & Systems,"Hierarchical state machine combining BT selectors with explicit states and transitions. Data-driven reusable across actor and Mass entity targets. Many threads, tutorials, Unreal Fest content",stable,high,yes,>50,~5
state-tree-overview,StateTree Overview,https://dev.epicgames.com/documentation/en-us/unreal-engine/overview-of-state-tree-in-unreal-engine,Making Interactive Experiences,4,forum:prior reddit:prior,medium,yes,Architecture & Systems,Conceptual State Tree explainer (states tasks evaluators transitions). Conceptual page under State Tree. Sub-page of State Tree,stable,medium,no,n/a,n/a
traces-overview,Traces Overview,https://dev.epicgames.com/documentation/en-us/unreal-engine/traces-in-unreal-engine---overview,Making Interactive Experiences,3,forum:prior reddit:prior,high,yes,Gameplay Programming,Synchronous line/box/sphere traces returning HitResult. Core gameplay programming. Line traces / LineTraceByChannel is heavily used by gameplay programmers,stable,high,no,n/a,n/a
ui-and-huds,User Interfaces and HUDs,https://dev.epicgames.com/documentation/en-us/unreal-engine/user-interfaces-and-huds-in-unreal-engine,Making Interactive Experiences,2,,n/a,no,n/a,Hub for UMG/Slate/Common UI/HUD. Depth 2 hub,stable,,,,
understanding-gas,Gameplay Ability System Overview,https://dev.epicgames.com/documentation/en-us/unreal-engine/understanding-the-unreal-engine-gameplay-ability-system,Making Interactive Experiences,3,forum:prior reddit:prior,high,yes,Architecture & Systems,Deep-dive into the component classes that make up GAS (AbilitySystemComponent GameplayAbility GameplayEffect GameplayCue AttributeSet). Programmer-oriented reference. also in: Programming and Scripting (Agent A ps.gas-understanding). Deep-dive GAS questions are continual,stable,high,no,n/a,n/a
working-with-camera-components,Camera Components (Camera hub),https://dev.epicgames.com/documentation/en-us/unreal-engine/cameras-in-unreal-engine,Making Interactive Experiences,3,forum:>50 reddit:~20,high,yes,Gameplay Programming,Attach CameraComponent / SpringArm to a Character for follow cameras. Core gameplay programming. SpringArm + camera setup is universal. remediated 2026-05-18: working-with-camera-components-in-unreal-engine is dead; coverage merged into cameras-in-unreal-engine; C++ API/Runtime/Engine/UCameraComponent remains live,stable,high,yes,>50,~20
net-actor-priority,Actor Priority,https://dev.epicgames.com/documentation/en-us/unreal-engine/actor-priority-in-unreal-engine,Networking and Multiplayer,3,forum:~20 reddit:~5,medium,yes,Architecture & Systems,NetPriority NetUpdateFrequency NetCullDistanceSquared and IsNetRelevantFor decide who gets updates and how often. also in: Programming and Scripting (Agent A ps.network-relevancy; slug variant network-relevancy-and-priority-for-actors-in-unreal-engine). NetUpdateFrequency / relevancy discussed in optimization threads,stable,medium,yes,~20,~5
net-actor-role,Actor Role and Remote Role (ENetRole),https://dev.epicgames.com/documentation/en-us/unreal-engine/actor-role-and-remote-role-in-unreal-engine,Networking and Multiplayer,3,forum:>50 reddit:0,high,yes,Architecture & Systems,Per-machine authority enum (None/SimulatedProxy/AutonomousProxy/Authority) governing what an instance may do to an actor. Crucial mental model for any replication code. Confirmed; ENetRole/role/remote role threads are abundant,stable,high,yes,>50,0
net-basics,Network Multiplayer Basics,https://dev.epicgames.com/documentation/en-us/unreal-engine/basics-of-network-multiplayer-in-unreal-engine,Networking and Multiplayer,2,forum:prior reddit:prior,high,yes,Architecture & Systems,"Foundational overview of Unreal's client-server model authority and the replication pipeline. Entry concept tying together server authority network roles and replication. ""Basics of Network Multiplayer"" — extremely high traffic concept area",stable,high,no,n/a,n/a
net-beacons,Online Beacons (Connectionless RPCs),https://dev.epicgames.com/documentation/en-us/unreal-engine/using-online-beacons-in-unreal-engine,Networking and Multiplayer,3,forum:~20 reddit:~5,medium,yes,Architecture & Systems,Lightweight side-channel UE network connections for matchmaking party reservations etc. AOnlineBeaconHost / AOnlineBeaconClient. also in: Programming and Scripting (Agent A ps.online-beacons). Persistent niche audience for matchmaking,stable,medium,yes,~20,~5
net-dedicated-server,Setting Up Dedicated Servers,https://dev.epicgames.com/documentation/en-us/unreal-engine/setting-up-dedicated-servers-in-unreal-engine,Networking and Multiplayer,2,forum:prior reddit:prior,high,yes,Architecture & Systems,Building and running a server-only target (UE_SERVER) with stripped client assets. Covers Target.cs build config and headless run. Dedicated server setup is one of the most-discussed networking topics,stable,high,no,n/a,n/a
net-demo-netdriver,DemoNetDriver and Streamers,https://dev.epicgames.com/documentation/en-us/unreal-engine/demonetdriver-and-streamers-in-unreal-engine,Networking and Multiplayer,3,forum:~20 reddit:0,medium,yes,Architecture & Systems,Underlying NetDriver and pluggable storage backends for replays. Pairs with net.replay. More activity than expected via killcam/memory streamer threads; bumped low->medium,stable,low,yes,~20,0
net-detailed-flow,Detailed Actor Replication Flow,https://dev.epicgames.com/documentation/en-us/unreal-engine/detailed-actor-replication-flow-in-unreal-engine,Networking and Multiplayer,3,forum:prior reddit:prior,medium,yes,Architecture & Systems,"Step-by-step trace of how the engine builds and serializes per-connection actor updates each tick. Reference for advanced authoring of bunches channels NetDriver behavior. Detailed replication flow page itself is rarely linked, but the underlying topic (channels, bunches, NetDriver) gets steady forum activity; calling medium",stable,low,no,n/a,n/a
net-emulation,Network Emulation,https://dev.epicgames.com/documentation/unreal-engine/using-network-emulation-in-unreal-engine,Networking and Multiplayer,3,forum:~20 reddit:0,medium,yes,Architecture & Systems,Built-in lag/loss/jitter emulation for testing replicated gameplay in editor. SUSPICIOUS: doc_url missing en-us prefix (likely Agent typo). Configured via NetDriver settings. Regular forum traffic on NetEmulation cvars and editor settings,stable,medium,yes,~20,0
net-exec-order,Replicated Object Execution Order,https://dev.epicgames.com/documentation/en-us/unreal-engine/replicated-object-execution-order-in-unreal-engine,Networking and Multiplayer,3,forum:prior reddit:prior,low,yes,Architecture & Systems,"Ordering guarantees between property updates and RPCs on the receiving machine. Important for reasoning about race conditions in gameplay code. Specific ""execution order"" doc reference rarely surfaces in forum discussion",stable,low,no,n/a,n/a
net-iris,Iris Replication System,https://dev.epicgames.com/documentation/en-us/unreal-engine/iris-replication-system-in-unreal-engine,Networking and Multiplayer,3,,n/a,no,n/a,Opt-in next-generation replication system targeting large interactive worlds and high player counts. Excluded per rule 1: tagged Beta in 5.7 (Agent A); Agent C-net flagged Experimental in 5.7. also in: Programming and Scripting (Agent A ps.iris),beta,,,,
net-iris-components,Components of Iris,https://dev.epicgames.com/documentation/en-us/unreal-engine/components-of-iris-in-unreal-engine,Networking and Multiplayer,4,,n/a,no,n/a,NetObject NetObjectGroup NetSerializer NetRefHandle and other Iris building blocks. Excluded per rule 1: parent system is Beta. also in: Programming and Scripting (Agent A ps.iris-components),beta,,,,
net-iris-filtering,Filtering,https://dev.epicgames.com/documentation/en-us/unreal-engine/iris-filtering-in-unreal-engine,Networking and Multiplayer,4,,n/a,no,n/a,Owner / Connection / Group / dynamic UNetObjectFilter filtering for Iris connections. Excluded per rule 1. also in: Programming and Scripting (Agent A ps.iris-filtering),beta,,,,
net-iris-intro,Introduction to Iris,https://dev.epicgames.com/documentation/en-us/unreal-engine/introduction-to-iris-in-unreal-engine,Networking and Multiplayer,4,,n/a,no,n/a,Conceptual primer for the Iris replication system. Excluded per rule 1: parent system is Beta. also in: Programming and Scripting (Agent A ps.iris-intro),beta,,,,
net-iris-migration,Migrate to Iris,https://dev.epicgames.com/documentation/en-us/unreal-engine/migrate-to-iris-in-unreal-engine,Networking and Multiplayer,4,,n/a,no,n/a,Per-project migration guide from the classic replication system to Iris. Excluded per rule 1. also in: Programming and Scripting (Agent A ps.iris-migrate),beta,,,,
net-iris-priority,Prioritization,https://dev.epicgames.com/documentation/en-us/unreal-engine/iris-prioritization-in-unreal-engine,Networking and Multiplayer,4,,n/a,no,n/a,UNetObjectPrioritizer-based system for choosing which objects to replicate when bandwidth is constrained. Excluded per rule 1. also in: Programming and Scripting (Agent A ps.iris-prioritization),beta,,,,
net-net-debugging,"Testing, Debugging, and Optimization",https://dev.epicgames.com/documentation/en-us/unreal-engine/network-debugging-for-unreal-engine,Networking and Multiplayer,3,forum:prior reddit:prior,medium,yes,Debug & Refactoring,"Console commands log categories and visualizations for diagnosing replication issues. Includes stat net and Networking Insights pointers. Generic ""network debugging"" topic blends into stat net + Networking Insights coverage",stable,medium,no,n/a,n/a
net-object-refs,Replicating UObjects (Object Replication),https://dev.epicgames.com/documentation/en-us/unreal-engine/replicating-uobjects-in-unreal-engine,Networking and Multiplayer,3,forum:>50 reddit:0,high,yes,Architecture & Systems,Rules for replicating UObject/Actor pointers safely across the network. Covers stably named objects dynamic subobjects and reference resolution. More common than prior — bumped to high; replicating actor refs is a frequent struggle. remediated 2026-05-18: replicating-object-references-in-unreal-engine is dead; equivalent coverage now at replicating-uobjects-in-unreal-engine (Object Replication),stable,medium,yes,>50,0
net-perf-bandwidth,Performance and Bandwidth Tips,https://dev.epicgames.com/documentation/en-us/unreal-engine/performance-and-bandwidth-tips-for-unreal-engine,Networking and Multiplayer,3,forum:~20 reddit:0,medium,yes,Architecture & Systems,Practical guidance for reducing replicated bandwidth (frequencies conditions push model FastArray). Mentions FastArraySerializer and push model as optimizations. FastArraySerializer and bandwidth optimization threads are recurring,stable,medium,yes,~20,0
net-profiler,Network Profiler,https://dev.epicgames.com/documentation/en-us/unreal-engine/using-the-network-profiler-in-unreal-engine,Networking and Multiplayer,3,forum:~20 reddit:0,medium,yes,Debug & Refactoring,Capturing and analyzing .nprof traces to attribute bandwidth to actors properties and RPCs. Programmer-facing tool for net optimization. Solid steady use; multiple recent 2024 threads,stable,medium,yes,~20,0
net-project-settings,Network,https://dev.epicgames.com/documentation/en-us/unreal-engine/networks-settings-in-the-unreal-engine-project-settings,Networking and Multiplayer,3,forum:~5 reddit:0,low,yes,Architecture & Systems,Engine.ini and Project Settings entries for NetDriver class channels replication graph etc. Programmer-facing configuration knob. Specific Engine.ini network settings only occasionally surface,stable,low,yes,~5,0
net-quickstart,Multiplayer Programming Quick Start,https://dev.epicgames.com/documentation/en-us/unreal-engine/multiplayer-programming-quick-start-for-unreal-engine,Networking and Multiplayer,2,forum:prior reddit:prior,high,yes,Architecture & Systems,Walkthrough of building a simple replicated multiplayer game in C++. Practical scaffold for spawning RPCs and replicated state. Multiplayer quick-start is a perennial top topic,stable,high,no,n/a,n/a
net-replay,Replay System,https://dev.epicgames.com/documentation/en-us/unreal-engine/using-the-replay-system-in-unreal-engine,Networking and Multiplayer,3,forum:prior reddit:prior,high,yes,Architecture & Systems,Record/playback gameplay via DemoNetDriver and Streamers. Programmer-facing replay APIs and customization. Replay system + killcam threads are very common,stable,high,no,n/a,n/a
net-replicate-properties,Property Replication / Replicate Actor Properties,https://dev.epicgames.com/documentation/en-us/unreal-engine/replicate-actor-properties-in-unreal-engine,Networking and Multiplayer,3,forum:prior reddit:prior,high,yes,Architecture & Systems,UPROPERTY(Replicated/ReplicatedUsing) plus DOREPLIFETIME including conditional replication and custom conditions. Covers RepNotify COND_* conditions and per-property replication setup. also in: Programming and Scripting (Agent A ps.property-replication; slug variant property-replication-in-unreal-engine). RepNotify / DOREPLIFETIME — extremely common,stable,high,no,n/a,n/a
net-replication-graph,Replication Graph,https://dev.epicgames.com/documentation/en-us/unreal-engine/replication-graph-in-unreal-engine,Networking and Multiplayer,2,forum:~20 reddit:~5,medium,yes,Architecture & Systems,Plugin that replaces the per-tick relevancy scan with node graphs of pre-bucketed actors for large player counts. Production-proven (Fortnite). also in: Programming and Scripting (Agent A ps.replication-graph). Replication Graph has long tutorials but moderate per-year volume,stable,medium,yes,~20,~5
net-rpc,Remote Procedure Calls (RPCs),https://dev.epicgames.com/documentation/en-us/unreal-engine/remote-procedure-calls-in-unreal-engine,Networking and Multiplayer,2,forum:>50 reddit:~20,high,yes,Architecture & Systems,Server/Client/NetMulticast UFUNCTIONs with Reliable/Unreliable and Validation rules. Core mechanism for client->server and server->client events. also in: Programming and Scripting (Agent A ps.rpcs; slug variant rpcs-in-unreal-engine). Server / Client / Multicast RPC questions are daily,stable,high,yes,>50,~20
net-sessions,Managing Multiplayer Sessions,https://dev.epicgames.com/documentation/en-us/unreal-engine/managing-multiplayer-sessions-in-unreal-engine,Networking and Multiplayer,2,forum:prior reddit:prior,high,yes,Architecture & Systems,Creating finding joining and destroying sessions via Online Subsystem session interface. Bridges to Online Services subtree but is documented here. Session management / online subsystem is a top-tier topic,stable,high,no,n/a,n/a
net-testing-debugging,Debugging Guide,https://dev.epicgames.com/documentation/en-us/unreal-engine/testing-and-debugging-networked-games-in-unreal-engine,Networking and Multiplayer,2,forum:prior reddit:prior,medium,yes,Debug & Refactoring,Workflows for PIE multi-client testing log channels and reproducing networked bugs. Parent doc that umbrella-links profiler debugging and emulation. Umbrella page; topic blends with profiler/emulation/debugging coverage,stable,medium,no,n/a,n/a
net-travel,Travelling in Multiplayer (Server/Client/Seamless Travel),https://dev.epicgames.com/documentation/en-us/unreal-engine/travelling-in-multiplayer-in-unreal-engine,Networking and Multiplayer,2,forum:>50 reddit:~20,high,yes,Architecture & Systems,UWorld::ServerTravel APlayerController::ClientTravel and seamless travel for level changes without dropping connections. Includes the bSeamless flag transition map workflow and SeamlessTravelTo plumbing. also in: Programming and Scripting (Agent A ps.travelling-multiplayer). Server/Seamless Travel is heavily asked for lobby->game flows. Upgraded from medium,stable,medium,yes,>50,~20
asynchronous-asset-loading,Asynchronous Asset Loading / TSoftObjectPtr,https://dev.epicgames.com/documentation/en-us/unreal-engine/asynchronous-asset-loading-in-unreal-engine,Programming and Scripting,3,forum:prior reddit:prior,medium,yes,Content Integration,Soft references (TSoftObjectPtr / FSoftObjectPath) and the StreamableManager pattern for async asset loading without a hard reference. Foundational for Asset Manager workflows. Added in v2 refresh (Stage 2 of 2026-05-18); v1 walks missed this leaf under Asset Management.,stable,medium,yes,prior,prior
material-instance-dynamic,UMaterialInstanceDynamic (Dynamic Material Instance),https://dev.epicgames.com/documentation/en-us/unreal-engine/API/Runtime/Engine/UMaterialInstanceDynamic,Programming and Scripting,3,forum:prior reddit:prior,medium,yes,Gameplay Programming,Runtime-mutable material instance. UPrimitiveComponent::CreateAndSetMaterialInstanceDynamic + SetScalarParameterValue / SetVectorParameterValue to drive material params from gameplay code. Added in v2 refresh; v1 fell into a scope gap between Agent A (programming) and Agent C-render (artist-facing).,stable,medium,yes,prior,prior
ps-actor-replication,Detailed Actor Replication Flow,https://dev.epicgames.com/documentation/en-us/unreal-engine/detailed-actor-replication-flow-in-unreal-engine,Programming and Scripting,3,forum:prior reddit:prior,high,yes,Architecture & Systems,bReplicates replicated subobjects dormancy role assignment and actor channel lifetime. Per-actor replication knobs. bReplicates / replicated subobjects — daily discussion,stable,high,no,n/a,n/a
ps-actors,Actors,https://dev.epicgames.com/documentation/en-us/unreal-engine/actors-in-unreal-engine,Programming and Scripting,3,forum:prior reddit:prior,high,yes,Gameplay Programming,AActor — the base class for objects placed or spawned into a level. Foundational gameplay object. AActor is universally discussed,stable,high,no,n/a,n/a
ps-asserts,Asserts (check / verify / ensure),https://dev.epicgames.com/documentation/en-us/unreal-engine/asserts-in-unreal-engine,Programming and Scripting,3,forum:~20 reddit:~5,medium,yes,Debug & Refactoring,Family of runtime assertion macros: check checkf verify ensure with different shipping behaviour. Standard error/invariant tools. check/ensure/verify recurringly discussed in debug-build threads,stable,medium,yes,~20,~5
ps-asset-management,Asset Management,https://dev.epicgames.com/documentation/en-us/unreal-engine/asset-management-in-unreal-engine,Programming and Scripting,2,forum:~20 reddit:~5,medium,yes,Content Integration,The Asset Manager (singleton UObject) categorises loads chunks and ships content. Hub for Primary Assets / Asset Registry. Asset Manager is discussed mostly in PrimaryDataAsset/loading threads,stable,medium,yes,~20,~5
ps-asset-registry,Asset Registry,https://dev.epicgames.com/documentation/en-us/unreal-engine/asset-registry-in-unreal-engine,Programming and Scripting,3,forum:~20 reddit:~5,medium,yes,Content Integration,Database of all known assets and their metadata queryable without loading the assets. Used by Asset Manager and editor browsers. Often paired with Asset Manager questions,stable,medium,yes,~20,~5
ps-bp-best-practices,Blueprint Best Practices,https://dev.epicgames.com/documentation/en-us/unreal-engine/blueprint-best-practices-in-unreal-engine,Programming and Scripting,3,forum:prior reddit:prior,medium,yes,Gameplay Programming,"Recommended patterns for Blueprint authoring (purity casting references performance). Guidance page for hybrid C++/BP teams. ""BP best practices"" gets meta-discussion but mostly absorbed into specific topics",stable,medium,no,n/a,n/a
ps-bp-class,Blueprint Class,https://dev.epicgames.com/documentation/en-us/unreal-engine/blueprint-class-assets-in-unreal-engine,Programming and Scripting,3,forum:prior reddit:prior,high,yes,Gameplay Programming,Asset that defines a new UClass without writing C++; supports components variables functions event graphs. The most common BP type. Blueprint Class is the foundational concept,stable,high,no,n/a,n/a
ps-bp-construction-script,Construction Script,https://dev.epicgames.com/documentation/en-us/unreal-engine/construction-script-in-unreal-engine,Programming and Scripting,3,forum:>50 reddit:~20,high,yes,Gameplay Programming,Graph that runs when an Actor is placed or modified in the editor (and on actor reconstruction). Editor-time logic; distinct from runtime BeginPlay. Construction Script is heavily used in BP workflow,stable,high,yes,>50,~20
ps-bp-function-library,Blueprint Function Libraries,https://dev.epicgames.com/documentation/en-us/unreal-engine/blueprint-function-libraries-in-unreal-engine,Programming and Scripting,3,forum:~20 reddit:~5,medium,yes,Gameplay Programming,Collection of static utility functions callable from any BP. Often paired with UBlueprintFunctionLibrary C++ class. Frequent but not flagship,stable,medium,yes,~20,~5
ps-bp-interface,Blueprint Interface,https://dev.epicgames.com/documentation/en-us/unreal-engine/blueprint-interface-in-unreal-engine,Programming and Scripting,3,forum:prior reddit:prior,high,yes,Gameplay Programming,BP-side interface asset enabling polymorphic calls across unrelated BP/C++ classes. BP-friendly counterpart to UINTERFACE. BP Interfaces are a daily discussion topic,stable,high,no,n/a,n/a
ps-bp-intro,Introduction to Blueprints,https://dev.epicgames.com/documentation/en-us/unreal-engine/introduction-to-blueprints-visual-scripting-in-unreal-engine,Programming and Scripting,3,forum:prior reddit:prior,high,yes,Gameplay Programming,Variables execution flow and event-graph fundamentals. Beginner-level BP reference. Intro to Blueprints — beginner traffic is huge,stable,high,no,n/a,n/a
ps-bp-level-blueprint,Level Blueprint,https://dev.epicgames.com/documentation/en-us/unreal-engine/level-blueprint-in-unreal-engine,Programming and Scripting,3,forum:>50 reddit:~20,high,yes,Gameplay Programming,Special per-level BP for level-scope event-driven gameplay scripting. One per ULevel. Level Blueprint more discussed than I initially priored. Upgraded from medium,stable,medium,yes,>50,~20
ps-bp-macro-library,Blueprint Macro Library,https://dev.epicgames.com/documentation/en-us/unreal-engine/blueprint-macro-library-in-unreal-engine,Programming and Scripting,3,forum:~20 reddit:~5,medium,yes,Gameplay Programming,Asset that declares macros (reusable graph fragments) callable from other BPs. Code-reuse mechanism within BP. Niche-ish but persistent set of threads,stable,medium,yes,~20,~5
ps-bp-overview,Blueprints Visual Scripting Overview,https://dev.epicgames.com/documentation/en-us/unreal-engine/overview-of-blueprints-visual-scripting-in-unreal-engine,Programming and Scripting,3,forum:prior reddit:prior,high,yes,Gameplay Programming,High-level explanation of the Blueprint visual scripting system. Entry point to BP sub-tree. Blueprints overview is the most-trafficked area,stable,high,no,n/a,n/a
ps-bp-technical-guide,Blueprints Technical Guide,https://dev.epicgames.com/documentation/en-us/unreal-engine/technical-guide-for-blueprints-visual-scripting-in-unreal-engine,Programming and Scripting,3,forum:prior reddit:prior,low,yes,Gameplay Programming,C++ programmer perspective on Blueprint exposure: writing BP-friendly APIs BlueprintNativeEvent etc. The other half of the BP/C++ interop story. Specific doc page; community discusses underlying topics (BlueprintNativeEvent etc) rather than this hub,stable,low,no,n/a,n/a
ps-camera,Camera,https://dev.epicgames.com/documentation/en-us/unreal-engine/cameras-in-unreal-engine,Programming and Scripting,3,forum:~20 reddit:>50,high,yes,Gameplay Programming,Camera actors/components and the PlayerCameraManager that drives view selection. Gameplay-framework camera plumbing. Camera setup is one of the most common gameplay questions,stable,high,yes,~20,>50
ps-coding-blueprint-vs-cpp,Coding in UE: Blueprint vs. C++,https://dev.epicgames.com/documentation/en-us/unreal-engine/coding-in-unreal-engine-blueprint-vs-cplusplus,Programming and Scripting,3,forum:>50 reddit:>50,high,yes,Tools & Pipeline,Compares Blueprint and C++ workflows and explains how to combine them. Cross-cutting orientation page; canonical decision guide for gameplay programmers. Topic massively discussed — every solo dev asks this,stable,high,yes,>50,>50
ps-components,Components,https://dev.epicgames.com/documentation/en-us/unreal-engine/components-in-unreal-engine,Programming and Scripting,3,forum:prior reddit:prior,high,yes,Gameplay Programming,UActorComponent / USceneComponent subobjects providing modular per-actor behaviour. Composition primitive for actors. UActorComponent / SceneComponent are bread-and-butter,stable,high,no,n/a,n/a
ps-console-manager,Console Variables and Commands (CVars and Commands),https://dev.epicgames.com/documentation/en-us/unreal-engine/console-variables-cplusplus-in-unreal-engine,Programming and Scripting,3,forum:~20 reddit:~5,medium,yes,Debug & Refactoring,Register console variables and commands consumed at runtime by the in-game console. Programming-facing tuning surface. CVars are a regular topic; IConsoleManager less by that name,stable,medium,yes,~20,~5
ps-containers,Containers (TArray TMap TSet TQueue),https://dev.epicgames.com/documentation/en-us/unreal-engine/containers-in-unreal-engine,Programming and Scripting,3,forum:prior reddit:prior,high,yes,Gameplay Programming,Unreal's STL-replacement containers integrated with serialization reflection and (for TArray) GC. Replaces std::vector/map/set. TArray / TMap / TSet are ubiquitous in every C++ thread. remediated 2026-05-18: container-classes-in-unreal-engine slug is dead; relocated to containers-in-unreal-engine,stable,high,no,n/a,n/a
ps-controllers,Controllers (PlayerController AIController),https://dev.epicgames.com/documentation/en-us/unreal-engine/controllers-in-unreal-engine,Programming and Scripting,3,forum:prior reddit:prior,high,yes,Gameplay Programming,Brain actors that possess Pawns and route input or AI decisions to them. Separation of brain vs. body. Distinct from MIE's player-controllers page (which excludes AI). PlayerController / AIController are everywhere,stable,high,no,n/a,n/a
ps-cpp-and-blueprints-example,C++ and Blueprints,https://dev.epicgames.com/documentation/en-us/unreal-engine/cpp-and-blueprints-example,Programming and Scripting,3,forum:prior reddit:prior,medium,yes,Gameplay Programming,"End-to-end worked example mixing C++ classes with Blueprint subclasses. Reference tutorial for hybrid workflow. Referenced but not a distinct topic — subsumed into ""BP vs C++""",stable,medium,no,n/a,n/a
ps-cpp-class-wizard,C++ Class Wizard,https://dev.epicgames.com/documentation/en-us/unreal-engine/using-the-cplusplus-class-wizard-in-unreal-engine,Programming and Scripting,3,forum:prior reddit:prior,medium,yes,Tools & Pipeline,"Editor wizard that generates new C++ classes (Actor, Component, Object) into the project module. Bridges content-only and code projects. Mentioned in C++ intro threads but not a standalone topic",stable,medium,no,n/a,n/a
ps-cpp-coding-standard,Coding Standard,https://dev.epicgames.com/documentation/en-us/unreal-engine/epic-cplusplus-coding-standard-for-unreal-engine,Programming and Scripting,3,forum:prior reddit:prior,medium,yes,Tools & Pipeline,"Naming, formatting and code-style standards that all engine and gameplay C++ code follows. Foundational reference for C++ contributors. Epic's style guide gets referenced regularly in code-review threads",stable,medium,no,n/a,n/a
ps-cpp-quick-start,Programming Quick Start,https://dev.epicgames.com/documentation/en-us/unreal-engine/unreal-engine-cpp-quick-start,Programming and Scripting,3,forum:prior reddit:prior,high,yes,Gameplay Programming,Step-by-step beginner C++ tutorial — create a floating cube actor in C++. Canonical first-program walkthrough. The standard intro tutorial — very high beginner traffic,stable,high,no,n/a,n/a
ps-data-assets,Data Assets,https://dev.epicgames.com/documentation/en-us/unreal-engine/data-assets-in-unreal-engine,Programming and Scripting,3,forum:>50 reddit:~20,high,yes,Content Integration,UDataAsset / UPrimaryDataAsset content classes that hold designer-tunable parameter blobs. Common pattern for ItemDefinitions AbilityDefinitions etc. UDataAsset / PrimaryDataAsset are workhorse patterns,stable,high,yes,>50,~20
ps-data-driven-gameplay,Data Driven Gameplay Elements,https://dev.epicgames.com/documentation/en-us/unreal-engine/data-driven-gameplay-elements-in-unreal-engine,Programming and Scripting,3,forum:~20 reddit:~5,medium,yes,Content Integration,Driving gameplay via externally stored data — Data Tables Curve Tables Composite Data Tables. Pattern hub. Data Tables / Curve Tables get regular questions,stable,medium,yes,~20,~5
ps-delegates,Delegates,https://dev.epicgames.com/documentation/en-us/unreal-engine/delegates-and-lambda-functions-in-unreal-engine,Programming and Scripting,3,forum:prior reddit:prior,high,yes,Gameplay Programming,Callback objects that bind to UObject methods raw functions lambdas or shared pointers. Family includes single multicast and dynamic delegates. Delegates are heavily used and asked about,stable,high,no,n/a,n/a
ps-dev-environment-setup,Development Setup,https://dev.epicgames.com/documentation/en-us/unreal-engine/setting-up-your-development-environment-for-cplusplus-in-unreal-engine,Programming and Scripting,3,forum:prior reddit:prior,high,yes,Tools & Pipeline,Configuring a C++ development environment for Unreal Engine projects. Parent hub for IDE setup leaves. Setup is a universal first-step question,stable,high,no,n/a,n/a
ps-dynamic-delegates,Dynamic Delegates,https://dev.epicgames.com/documentation/en-us/unreal-engine/dynamic-delegates-in-unreal-engine,Programming and Scripting,4,forum:~20 reddit:~5,medium,yes,Gameplay Programming,"Reflected serializable BP-exposed delegate variants (DYNAMIC DYNAMIC_MULTICAST). Slower than raw delegates but required for BP/Net. Recurring ""how to bind dynamic delegate to BP"" threads",stable,medium,yes,~20,~5
ps-editor-scripting-tutorials,Unreal Editor Scripting Tutorials,https://dev.epicgames.com/documentation/en-us/unreal-engine/unreal-editor-scripting-tutorials,Programming and Scripting,3,forum:prior reddit:prior,medium,yes,Tools & Pipeline,Step-by-step recipes for editor utility widgets asset action utilities blueprint-based editor scripting. Companion tutorial set to the Python page. Tutorials get cited inside Python/EditorUtility threads,stable,medium,no,n/a,n/a
ps-expose-cpp-to-blueprints,Exposing C++ to Blueprints,https://dev.epicgames.com/documentation/en-us/unreal-engine/exposing-cplusplus-to-blueprints-visual-scripting-in-unreal-engine,Programming and Scripting,3,forum:prior reddit:prior,high,yes,Gameplay Programming,Specifier patterns (BlueprintCallable BlueprintPure BlueprintReadWrite BlueprintAssignable) for exposing C++ APIs to BP. Core BP/C++ interop guide. BlueprintCallable / BlueprintPure are bread-and-butter topics,stable,high,no,n/a,n/a
ps-garbage-collection,Garbage Collection (Incremental GC),https://dev.epicgames.com/documentation/en-us/unreal-engine/incremental-garbage-collection-in-unreal-engine,Programming and Scripting,3,forum:>50 reddit:~20,high,yes,Gameplay Programming,Mark-and-sweep GC that reclaims unreferenced UObjects using reflected references. Defines what kinds of pointers (TObjectPtr TWeakObjectPtr raw UObject*) are GC-tracked. Crashes-from-GC threads are extremely common. remediated 2026-05-18: garbage-collection-in-unreal-engine is dead; UE 5.7 GC docs centered on incremental-garbage-collection-in-unreal-engine,stable,high,yes,>50,~20
ps-hud,User Interfaces and HUDs,https://dev.epicgames.com/documentation/en-us/unreal-engine/user-interfaces-and-huds-in-unreal-engine,Programming and Scripting,3,forum:~20 reddit:~5,medium,yes,Gameplay Programming,AHUD class providing canvas-style 2D drawing for in-game overlays. Legacy alongside UMG but still used in many projects. Legacy HUD class discussed less since UMG took over,stable,medium,yes,~20,~5
ps-input,Input (legacy),https://dev.epicgames.com/documentation/en-us/unreal-engine/input-in-unreal-engine,Programming and Scripting,3,forum:prior reddit:prior,high,yes,Gameplay Programming,Classic action/axis mapping system bound from PlayerInput on the PlayerController. Superseded for new projects by Enhanced Input but still documented. Legacy input still widely discussed especially in older tutorials,stable,high,no,n/a,n/a
ps-interfaces,Unreal Interfaces,https://dev.epicgames.com/documentation/en-us/unreal-engine/interfaces-in-unreal-engine,Programming and Scripting,3,forum:>50 reddit:~20,high,yes,Gameplay Programming,UINTERFACE/IInterface pattern providing cross-class behaviour contracts callable from C++ and BP. Distinct from C++ interfaces; uses Unreal's UClass system. UINTERFACE / Blueprint Interface — extremely common pattern question,stable,high,yes,>50,~20
ps-levels,Levels,https://dev.epicgames.com/documentation/en-us/unreal-engine/levels-in-unreal-engine,Programming and Scripting,3,forum:prior reddit:prior,high,yes,Gameplay Programming,ULevel — container for actors that compose a playable scene. Streaming and persistent-level concepts. Levels / streaming / persistent levels are major topics,stable,high,no,n/a,n/a
ps-metadata-specifiers,Metadata Specifiers,https://dev.epicgames.com/documentation/en-us/unreal-engine/metadata-specifiers-in-unreal-engine,Programming and Scripting,4,forum:~20 reddit:~5,medium,yes,Gameplay Programming,"Key/value tags on UCLASS/USTRUCT/UFUNCTION/UPROPERTY/UENUM that drive editor and tooling behaviour. Reference list of metadata keys. Steady stream of ""where is the list"" threads",stable,medium,yes,~20,~5
ps-multicast-delegates,Multi-cast Delegates,https://dev.epicgames.com/documentation/en-us/unreal-engine/multicast-delegates-in-unreal-engine,Programming and Scripting,4,forum:prior reddit:prior,medium,yes,Gameplay Programming,Delegates that can bind multiple receivers and broadcast to all of them. Underlies most event-style APIs. Discussed within general delegate threads; less standalone,stable,medium,no,n/a,n/a
ps-networking-multiplayer,Networking and Multiplayer,https://dev.epicgames.com/documentation/en-us/unreal-engine/networking-and-multiplayer-in-unreal-engine,Programming and Scripting,2,forum:prior reddit:prior,high,yes,Architecture & Systems,Section hub for the client-server replication stack. Parent of all replication concepts. Multiplayer is one of the top forum sections,stable,high,no,n/a,n/a
ps-networking-overview,Networking Overview,https://dev.epicgames.com/documentation/en-us/unreal-engine/networking-overview-for-unreal-engine,Programming and Scripting,3,forum:>50 reddit:>50,high,yes,Architecture & Systems,"Server-authoritative model network roles (Authority / Autonomous / Simulated) NetDriver Channels. Canonical reference for how Unreal multiplayer works. ""How does replication work"" is asked daily",stable,high,yes,>50,>50
ps-online-services-eos-config,Enable and Configure Online Services EOS,https://dev.epicgames.com/documentation/en-us/unreal-engine/enable-and-configure-online-services-eos-in-unreal-engine,Programming and Scripting,3,forum:prior reddit:prior,medium,yes,Architecture & Systems,Project setup walkthrough for the new Online Services (EOS) plugin family. Companion configuration page. Configuration page; discussed inside broader EOS threads,stable,medium,no,n/a,n/a
ps-online-subsystem,Online Subsystem (OSS),https://dev.epicgames.com/documentation/en-us/unreal-engine/online-subsystem-in-unreal-engine,Programming and Scripting,2,forum:prior reddit:prior,high,yes,Architecture & Systems,Abstract online-services layer providing platform-agnostic Identity Friends Sessions Achievements Voice etc. Section hub. OSS / Steam / EOS topics are extremely common,stable,high,no,n/a,n/a
ps-online-subsystem-eos,The Online Subsystem EOS Plugin,https://dev.epicgames.com/documentation/en-us/unreal-engine/online-subsystem-eos-plugin-in-unreal-engine,Programming and Scripting,3,forum:>50 reddit:~20,high,yes,Architecture & Systems,OSS implementation backed by Epic Online Services SDK (login lobbies achievements P2P). EOS is cross-platform so not excluded under rule 2. EOS is the current default for cross-platform — high volume,stable,high,yes,>50,~20
ps-playerstate,APlayerState,https://dev.epicgames.com/documentation/en-us/unreal-engine/API/Runtime/Engine/APlayerState,Programming and Scripting,3,forum:>50 reddit:~20,high,yes,Gameplay Programming,Per-player replicated state (score name ping) that exists on all clients. Useful for multiplayer scoreboards/UI. PlayerState replication is heavily discussed,stable,high,yes,>50,~20
ps-primary-asset-id,Primary Asset / Asset ID (Asset Management),https://dev.epicgames.com/documentation/en-us/unreal-engine/asset-management-in-unreal-engine,Programming and Scripting,3,forum:prior reddit:prior,medium,yes,Content Integration,FPrimaryAssetId / FPrimaryAssetType naming scheme used by Asset Manager to address managed content. The handle by which content is loaded asynchronously. FPrimaryAssetId comes up in async-load threads. remediated 2026-05-18: primary-asset-and-asset-id-in-unreal-engine is dead; merged into asset-management-in-unreal-engine; FPrimaryAssetId API page also live,stable,medium,no,n/a,n/a
ps-reflection-system,Unreal Engine Reflection System (Property System),https://dev.epicgames.com/documentation/en-us/unreal-engine/reflection-system-in-unreal-engine,Programming and Scripting,3,forum:~20 reddit:~5,medium,yes,Debug & Refactoring,Runtime introspection of UObjects/UFunctions/UProperties powering serialization GC networking and editor. Foundational system underpinning most engine subsystems. Concept discussed but rarely by that name — usually as UPROPERTY etc,stable,medium,yes,~20,~5
ps-scripting-automating-editor,Scripting and Automating the Unreal Editor,https://dev.epicgames.com/documentation/en-us/unreal-engine/scripting-and-automating-the-unreal-editor,Programming and Scripting,2,forum:prior reddit:prior,medium,yes,Tools & Pipeline,Hub for automating editor tasks with Blueprints Python and Editor Utilities. Borderline editor-tooling but explicitly part of Programming and Scripting. Editor automation has a recurring tools-programmer audience,stable,medium,no,n/a,n/a
ps-scripting-editor-python,Scripting the Unreal Editor Using Python,https://dev.epicgames.com/documentation/en-us/unreal-engine/scripting-the-unreal-editor-using-python,Programming and Scripting,3,forum:~20 reddit:~5,medium,yes,Tools & Pipeline,Python Editor Script Plugin: invoke Unreal reflection API from .py to drive editor workflows. Used heavily by tools/gameplay programmers not just artists. Python editor scripting is steady but niche,stable,medium,yes,~20,~5
ps-slate-overview,Slate Overview,https://dev.epicgames.com/documentation/en-us/unreal-engine/slate-overview-for-unreal-engine,Programming and Scripting,3,forum:prior reddit:prior,medium,yes,Gameplay Programming,Architectural overview of Slate widgets attributes layout rendering. Entry page for Slate runtime concepts. Overview pages get fewer direct mentions,stable,medium,no,n/a,n/a
ps-smart-pointers,Unreal Smart Pointer Library,https://dev.epicgames.com/documentation/en-us/unreal-engine/smart-pointers-in-unreal-engine,Programming and Scripting,3,forum:~20 reddit:~5,medium,yes,Gameplay Programming,TSharedPtr / TSharedRef / TWeakPtr / TUniquePtr for non-UObject reference counting. Must NOT be used on UObjects; complement to GC pointers. TSharedPtr is a recurring topic for non-UObject code,stable,medium,yes,~20,~5
ps-strings,String Handling (FString / FName / FText),https://dev.epicgames.com/documentation/en-us/unreal-engine/string-handling-in-unreal-engine,Programming and Scripting,3,forum:>50 reddit:~20,high,yes,Gameplay Programming,"Three string types: mutable FString hashed FName localized FText. Selection between types is a frequent gameplay-coding decision. FString/FName/FText ""which to use"" is a classic newcomer question",stable,high,yes,>50,~20
ps-timers,Gameplay Timers,https://dev.epicgames.com/documentation/en-us/unreal-engine/gameplay-timers-in-unreal-engine,Programming and Scripting,3,forum:>50 reddit:~20,high,yes,Gameplay Programming,FTimerManager API for scheduling delayed and repeating callbacks. Core deferred-execution tool. SetTimer is one of the most-asked gameplay questions. remediated 2026-05-18: timers-in-unreal-engine slug is dead; relocated to gameplay-timers-in-unreal-engine; FTimerManager API still live,stable,high,yes,>50,~20
ps-unreal-header-tool,Unreal Header Tool (UHT),https://dev.epicgames.com/documentation/en-us/unreal-engine/unreal-header-tool-for-unreal-engine,Programming and Scripting,3,forum:~20 reddit:~5,medium,yes,Tools & Pipeline,Custom parser/code-generator that processes UCLASS/USTRUCT/UFUNCTION/UPROPERTY macros and emits .generated.h. Drives Unreal's reflection system. UHT specifically named less than UBT,stable,medium,yes,~20,~5
ps-unreal-object-handling,Unreal Object Handling (UObject),https://dev.epicgames.com/documentation/en-us/unreal-engine/unreal-object-handling-in-unreal-engine,Programming and Scripting,3,forum:prior reddit:prior,medium,yes,Gameplay Programming,"Object lifecycle NewObject outer ownership references and integration with reflection/GC. Base class for nearly all engine types. UObject is everywhere but not usually named as ""object handling""",stable,medium,no,n/a,n/a
ps-uproperties,Properties,https://dev.epicgames.com/documentation/en-us/unreal-engine/unreal-engine-uproperties,Programming and Scripting,3,forum:>50 reddit:~20,high,yes,Gameplay Programming,Reflected member variables declared with UPROPERTY(...) plus their specifiers and metadata. Primary way to expose state to editor/serialization/replication. UPROPERTY shows up in nearly every C++ thread,stable,high,yes,>50,~20
ps-visual-studio-setup,Setting Up Visual Studio,https://dev.epicgames.com/documentation/en-us/unreal-engine/setting-up-visual-studio-development-environment-for-cplusplus-projects-in-unreal-engine,Programming and Scripting,4,forum:>50 reddit:~20,high,yes,Tools & Pipeline,"IDE configuration for Visual Studio (UnrealVS, IntelliSense, debugging UE C++). Tooling page; part of the gameplay-programming workflow. VS2022 setup is one of the most common forum threads",stable,high,yes,>50,~20
ps-vscode-setup,Setting Up VS Code for Unreal Engine,https://dev.epicgames.com/documentation/en-us/unreal-engine/setting-up-visual-studio-code-for-unreal-engine,Programming and Scripting,4,forum:~20 reddit:~5,medium,yes,Tools & Pipeline,Configuring VS Code with Unreal Build Tool generated workspaces. Cross-platform IDE setup. VS Code less mainstream than VS for UE but actively discussed,stable,medium,yes,~20,~5
ps-world,UWorld,https://dev.epicgames.com/documentation/en-us/unreal-engine/API/Runtime/Engine/UWorld,Programming and Scripting,3,forum:prior reddit:prior,medium,yes,Gameplay Programming,UWorld — top-level container of levels and the active game simulation. Hosts the GameInstance reference and tick loop. UWorld referenced often but rarely the topic itself,stable,medium,no,n/a,n/a
saving-and-loading-your-game,Saving and Loading Your Game (USaveGame),https://dev.epicgames.com/documentation/en-us/unreal-engine/saving-and-loading-your-game-in-unreal-engine,Programming and Scripting,3,forum:prior reddit:prior,high,yes,Content Integration,"Canonical save-game system: subclass USaveGame, serialize gameplay state, CreateSaveGameObject + SaveGameToSlot / LoadGameFromSlot. Added in v2 refresh; v1 walks missed the save-system leaves.",stable,high,yes,prior,prior
pipeline-automation-ci,Continuous Integration (CI),https://dev.epicgames.com/documentation/en-us/unreal-engine/continuous-integration-ci,Setting Up Your Production Pipeline,3,forum:prior reddit:prior,medium,yes,Tools & Pipeline,"Reference doc on wiring UBT/UAT/Automation/Gauntlet into a CI loop with build agents and result reporting. Top-level CI page. CI/CD with Unreal is steadily-discussed (Horde, Jenkins, GitHub Actions threads)",stable,medium,no,n/a,n/a
pipeline-automation-controller,AutomationController (IAutomationControllerModule),https://dev.epicgames.com/documentation/en-us/unreal-engine/API/Developer/AutomationController,Setting Up Your Production Pipeline,4,forum:prior reddit:prior,low,yes,Tools & Pipeline,Editor-side module that discovers tests dispatches them to worker instances and aggregates results for the Frontend / CI export. Programmatic API for CI tooling. IAutomationControllerModule is a niche CI-integration topic,stable,low,no,n/a,n/a
pipeline-automation-framework,Automation Test Framework,https://dev.epicgames.com/documentation/en-us/unreal-engine/automation-test-framework-in-unreal-engine,Setting Up Your Production Pipeline,3,forum:~20 reddit:0,medium,yes,Tools & Pipeline,"Engine-side test framework split into Simple Complex Spec and Latent tests driven by the Automation Controller / Session Frontend. Root of CraftBench's automation surface. Recurring ""how do I write a test"" threads",stable,medium,yes,~20,0
pipeline-automation-functional-test,Functional Testing (AFunctionalTest),https://dev.epicgames.com/documentation/en-us/unreal-engine/functional-testing-in-unreal-engine,Setting Up Your Production Pipeline,3,forum:~20 reddit:0,medium,yes,Tools & Pipeline,Level-placed AFunctionalTest actor overriding PrepareTest StartTest OnTimeOut and reporting via FinishTest(EFunctionalTestResult ...). Core CraftBench verifier substrate. AFunctionalTest threads cluster well; steady,stable,medium,yes,~20,0
pipeline-automation-run-tests,Run Automation Tests (Session Frontend / -ExecCmds Automation),https://dev.epicgames.com/documentation/en-us/unreal-engine/run-automation-tests-in-unreal-engine,Setting Up Your Production Pipeline,4,forum:~20 reddit:0,medium,yes,Tools & Pipeline,"How to launch tests interactively in Session Frontend or headlessly via -ExecCmds=""Automation RunTests <filter>"". Operational glue from CI to the Automation framework. Recurring ""RunUAT BuildCookRun -RunAutomationTest"" and ""ExecCmds=Automation"" questions",stable,medium,yes,~20,0
pipeline-automation-screenshot-test,AScreenshotFunctionalTest / AScreenshotFunctionalTestBase,https://dev.epicgames.com/documentation/en-us/unreal-engine/API/Developer/FunctionalTesting/AScreenshotFunctionalTestBase,Setting Up Your Production Pipeline,4,forum:~5 reddit:0,low,yes,Tools & Pipeline,Functional test variant that captures and compares a screenshot via FAutomationScreenshotOptions against a stored ground-truth image. Backed by the Screenshot Comparison Tool. Specific screenshot test class rarely discussed by name,stable,low,yes,~5,0
pipeline-automation-screenshot-tool,Screenshot Comparison Tool,https://dev.epicgames.com/documentation/en-us/unreal-engine/screenshot-comparison-tool-in-unreal-engine,Setting Up Your Production Pipeline,4,forum:~5 reddit:0,low,yes,Tools & Pipeline,Editor browser that diffs incoming automation screenshots against ground-truth images and gates pass/fail. Companion UI to AScreenshotFunctionalTest. Screenshot Comparison Tool threads are sparse,stable,low,yes,~5,0
pipeline-automation-simple-test,Write C++ Tests,https://dev.epicgames.com/documentation/en-us/unreal-engine/write-cplusplus-tests-in-unreal-engine,Setting Up Your Production Pipeline,4,forum:~20 reddit:0,medium,yes,Tools & Pipeline,"C++ macro that registers a class implementing RunTest(const FString&) as a discoverable atomic unit test. Documented in Automation Technical Guide. Macro is the canonical entry, regularly asked about; bumped low->medium",stable,low,yes,~20,0
pipeline-automation-spec,Automation Spec (DEFINE_SPEC),https://dev.epicgames.com/documentation/en-us/unreal-engine/automation-spec-in-unreal-engine,Setting Up Your Production Pipeline,4,forum:~5 reddit:0,low,yes,Tools & Pipeline,BDD-style automation test using Describe/It/BeforeEach/AfterEach declared via DEFINE_SPEC and BEGIN_DEFINE_SPEC. Spec is the modern preferred form for unit-style tests. Spec is the niche modern form; light coverage,stable,low,yes,~5,0
pipeline-build-build-cs,Unreal Engine Modules (.build.cs),https://dev.epicgames.com/documentation/en-us/unreal-engine/unreal-engine-modules,Setting Up Your Production Pipeline,4,forum:~20 reddit:0,medium,yes,Tools & Pipeline,C# ModuleRules class declaring per-module dependencies (PublicDependencyModuleNames PrivateIncludePaths) PCH usage and build flags. Where UBT module customization happens. also in: Programming and Scripting (Agent A ps.modules). Many module-rules error threads,stable,medium,yes,~20,0
pipeline-build-buildgraph,BuildGraph,https://dev.epicgames.com/documentation/en-us/unreal-engine/buildgraph-for-unreal-engine,Setting Up Your Production Pipeline,3,forum:~20 reddit:0,medium,yes,Tools & Pipeline,Declarative XML-based pipeline scripting language run by UAT to compose nodes agents and triggers for builds. Epic's own build/automation backbone. Active community + Epic tutorial threads,stable,medium,yes,~20,0
pipeline-build-buildgraph-howto,BuildGraph Usage,https://dev.epicgames.com/documentation/en-us/unreal-engine/how-to-use-buildgraph-for-unreal-engine,Setting Up Your Production Pipeline,4,forum:prior reddit:prior,low,yes,Tools & Pipeline,Sample BuildGraph script invocations through RunUAT BuildGraph -Script=. Operational entry to BuildGraph. Sub-page; covered by buildgraph parent,stable,low,no,n/a,n/a
pipeline-build-buildgraph-tasks,BuildGraph Script Tasks,https://dev.epicgames.com/documentation/en-us/unreal-engine/buildgraph-script-tasks-reference-for-unreal-engine,Setting Up Your Production Pipeline,5,forum:prior reddit:prior,low,yes,Tools & Pipeline,Catalog of built-in tasks (Compile Cook Stage Tag Zip Command) and how to author custom tasks in C#. Programmability surface. Reference doc; rarely cited directly,stable,low,no,n/a,n/a
pipeline-build-config-reference,Build Configurations Reference,https://dev.epicgames.com/documentation/en-us/unreal-engine/build-configurations-reference-for-unreal-engine,Setting Up Your Production Pipeline,4,forum:>50 reddit:0,high,yes,Tools & Pipeline,Reference for Debug / DebugGame / Development / Test / Shipping configurations and which checks/asserts each enables. Affects how check/ensure/profiling are compiled. Debug/Shipping/Development build config questions are extremely common; bumped medium->high,stable,medium,yes,>50,0
pipeline-build-target-cs,Targets (.target.cs),https://dev.epicgames.com/documentation/en-us/unreal-engine/unreal-engine-build-tool-target-reference,Setting Up Your Production Pipeline,4,forum:~20 reddit:0,medium,yes,Tools & Pipeline,"C# TargetRules class declaring a build target type (Game/Editor/Server/Client/Program) and link/runtime options. Direct prompt match. also in: Programming and Scripting (Agent A ps.ubt-target-reference). Mostly ""can't find target rules file"" error threads",stable,medium,yes,~20,0
pipeline-build-uat,Unreal Automation Tool (UAT),https://dev.epicgames.com/documentation/en-us/unreal-engine/unreal-automation-tool-for-unreal-engine,Setting Up Your Production Pipeline,3,forum:~20 reddit:0,medium,yes,Tools & Pipeline,C# automation script host (RunUAT.bat) used for cooking staging packaging BuildGraph execution and Gauntlet test runs. Top-level CI driver. RunUAT.bat threads + automation tooling discussions are steady,stable,medium,yes,~20,0
pipeline-build-unreal-build-tool,UnrealBuildTool (UBT),https://dev.epicgames.com/documentation/en-us/unreal-engine/unreal-build-tool-in-unreal-engine,Setting Up Your Production Pipeline,3,forum:>50 reddit:0,high,yes,Tools & Pipeline,C# build orchestrator that compiles modules from .target.cs and .build.cs rules into engine editor and game targets. Root of build programmability. also in: Programming and Scripting (Agent A ps.unreal-build-tool). UBT errors are a flagship topic on the forums,stable,high,yes,>50,0
pipeline-debug-gameplay-debugger,Gameplay Debugger (FGameplayDebuggerCategory),https://dev.epicgames.com/documentation/en-us/unreal-engine/using-the-gameplay-debugger-in-unreal-engine,Setting Up Your Production Pipeline,3,forum:~20 reddit:0,medium,yes,Debug & Refactoring,Runtime overlay tool driven by C++ category classes (FGameplayDebuggerCategory) that replicate data from server to client for live inspection. Activated by apostrophe key. Active AI/GAS debugger discussion,stable,medium,yes,~20,0
pipeline-debug-gameplay-debugger-settings,Gameplay Debugger Settings,https://dev.epicgames.com/documentation/en-us/unreal-engine/gameplay-debugger-settings-in-the-unreal-engine-project-settings,Setting Up Your Production Pipeline,4,forum:prior reddit:prior,low,yes,Debug & Refactoring,Project-side configuration of input bindings category visibility and replication for the Gameplay Debugger. Companion to the Gameplay Debugger code API. The project-settings sub-page is rarely the subject of forum threads (rolled into gameplay debugger discussion),stable,low,no,n/a,n/a
pipeline-debug-gameplay-insights,Gameplay / Animation Insights,https://dev.epicgames.com/documentation/en-us/unreal-engine/animation-insights-in-unreal-engine,Setting Up Your Production Pipeline,3,forum:prior reddit:prior,low,yes,Debug & Refactoring,"Editor plugin built on Trace + Unreal Insights that profiles animation and gameplay events on the running session. Listed by prompt as GameplayInsights; doc names the runtime variant Animation Insights. Specific ""Gameplay/Animation Insights"" naming is sparse; rolled into Unreal Insights",stable,low,no,n/a,n/a
pipeline-debug-logging,Logging in Unreal (UE_LOG / DECLARE_LOG_CATEGORY),https://dev.epicgames.com/documentation/en-us/unreal-engine/logging-in-unreal-engine,Setting Up Your Production Pipeline,3,forum:>50 reddit:0,high,yes,Debug & Refactoring,C++ logging macros and categories (UE_LOG DECLARE_LOG_CATEGORY_EXTERN DEFINE_LOG_CATEGORY) with per-category verbosity routed to logs console and Output Log. Core debugging substrate. UE_LOG/DECLARE_LOG_CATEGORY discussions are extremely abundant,stable,high,yes,>50,0
pipeline-debug-rewind-debugger,Rewind Debugger (Animation Rewind Debugger),https://dev.epicgames.com/documentation/en-us/unreal-engine/animation-rewind-debugger-in-unreal-engine,Setting Up Your Production Pipeline,3,forum:~20 reddit:0,medium,yes,Debug & Refactoring,Records short play sessions and replays them frame-by-frame for animation AI and gameplay variable inspection; integrates with Trace data. Backed by IRewindDebugger extension API. Active recent threads (2024-2026) tied to anim/motion-matching debugging,stable,medium,yes,~20,0
pipeline-debug-visual-logger,Visual Logger,https://dev.epicgames.com/documentation/en-us/unreal-engine/visual-logger-in-unreal-engine,Setting Up Your Production Pipeline,3,forum:~20 reddit:0,medium,yes,Debug & Refactoring,Records per-actor visual snapshots (shapes text locations) to a timeline for offline scrubbing in the Visual Logger window. UE_VLOG macros; central to AI debugging. Steady but not massive; mainly AI/debug-focused devs,stable,medium,yes,~20,0
pipeline-gauntlet-controller,Gauntlet Controller (UGauntletTestController),https://dev.epicgames.com/documentation/en-us/unreal-engine/gauntlet-controller-in-unreal-engine,Setting Up Your Production Pipeline,4,forum:~5 reddit:0,low,yes,Tools & Pipeline,In-process C++ controller that drives a Gauntlet test run inside the game (overrides OnInit OnTick OnPostMapChange) and reports status back to the host. Required for runtime/networked Gauntlet tests. UGauntletTestController is a niche topic,stable,low,yes,~5,0
pipeline-gauntlet-framework,Gauntlet Automation Framework,https://dev.epicgames.com/documentation/en-us/unreal-engine/gauntlet-automation-framework-in-unreal-engine,Setting Up Your Production Pipeline,3,forum:~20 reddit:0,medium,yes,Tools & Pipeline,"C#-side framework (run via RunUAT RunUnreal) that launches one or more game instances on real devices and validates runtime behavior. Top of Gauntlet subtree. Active discussion, but lots of doc-frustration threads",stable,medium,yes,~20,0
pipeline-gauntlet-running,Run Gauntlet Tests,https://dev.epicgames.com/documentation/en-us/unreal-engine/running-gauntlet-tests-in-unreal-engine,Setting Up Your Production Pipeline,4,forum:prior reddit:prior,medium,yes,Tools & Pipeline,"How to invoke RunUAT.bat RunUnreal -test=... with build platform and device parameters. Operational entry to Gauntlet. ""Running Gauntlet"" overlaps with gauntlet.framework coverage",stable,medium,no,n/a,n/a
pipeline-plugin-architecture,Plugins,https://dev.epicgames.com/documentation/en-us/unreal-engine/plugins-in-unreal-engine,Setting Up Your Production Pipeline,3,forum:>50 reddit:>50,high,yes,Tools & Pipeline,Plugin system that bundles modules content and descriptors as a discoverable loadable code architecture unit. Plugin authoring leaf. also in: Programming and Scripting (Agent A ps.plugins). Plugin development is universally discussed,stable,high,yes,>50,>50
pipeline-plugin-descriptor,FPluginDescriptor (.uplugin / FPluginDescriptor),https://dev.epicgames.com/documentation/en-us/unreal-engine/API/Runtime/Projects/FPluginDescriptor,Setting Up Your Production Pipeline,4,forum:~20 reddit:0,medium,yes,Tools & Pipeline,JSON .uplugin schema (FriendlyName Modules array with Type=Runtime/Editor/Developer/Program LoadingPhase) that the engine editor and UBT consume to wire a plugin in. Direct prompt match. .uplugin is widely edited; more activity than low prior — bumped to medium,stable,low,yes,~20,0
pipeline-profile-context-switches,Context Switches,https://dev.epicgames.com/documentation/en-us/unreal-engine/context-switches-in-unreal-engine-5,Setting Up Your Production Pipeline,4,forum:prior reddit:prior,low,yes,Debug & Refactoring,Per-core thread execution tracks recorded when the ContextSwitch trace channel is enabled. Reveals oversubscription / preemption. Context switches view is a niche subwindow,stable,low,no,n/a,n/a
pipeline-profile-gpu-visualizer,Introduction to Performance Profiling and Configuration (ProfileGPU),https://dev.epicgames.com/documentation/en-us/unreal-engine/introduction-to-performance-profiling-and-configuration-in-unreal-engine,Setting Up Your Production Pipeline,4,forum:~20 reddit:0,medium,yes,Debug & Refactoring,"Interactive single-frame GPU breakdown invoked via ProfileGPU console command (Ctrl+Shift+,) showing per-pass cost. SUSPICIOUS: shares doc_url with pipeline.profile.intro and pipeline.profile.memreport; no standalone page in 5.7. Multiple ""interpreting ProfileGPU"" threads form a steady set",stable,medium,yes,~20,0
pipeline-profile-insights-reference,Unreal Insights Reference (CLI / macros),https://dev.epicgames.com/documentation/en-us/unreal-engine/unreal-insights-reference-in-unreal-engine-5,Setting Up Your Production Pipeline,4,forum:prior reddit:prior,low,yes,Debug & Refactoring,Reference for Insights command-line switches (-trace= -tracehost= -statnamedevents) and keyboard macros. Critical for headless / CI capture. CLI/macro reference page rarely surfaces directly,stable,low,no,n/a,n/a
pipeline-profile-insights-session-browser,Session Browser,https://dev.epicgames.com/documentation/en-us/unreal-engine/unreal-insights-session-browser-for-unreal-engine,Setting Up Your Production Pipeline,4,forum:prior reddit:prior,low,yes,Debug & Refactoring,The entry window that lists live and recorded Insights sessions and lets you open a trace into the analysis views. Top-of-tree window in Insights. The browser-window sub-page is rarely discussed by name,stable,low,no,n/a,n/a
pipeline-profile-intro,Introduction to Performance Profiling and Configuration,https://dev.epicgames.com/documentation/en-us/unreal-engine/introduction-to-performance-profiling-and-configuration-in-unreal-engine,Setting Up Your Production Pipeline,2,forum:prior reddit:prior,low,yes,Debug & Refactoring,Entry point listing the profiling toolchain (Stat commands Unreal Insights GPU Visualizer Memreport LLM). Acts as TOC for profiling concepts. The intro doc itself rarely linked,stable,low,no,n/a,n/a
pipeline-profile-llm,Low-Level Memory Tracker (LLM),https://dev.epicgames.com/documentation/en-us/unreal-engine/using-the-low-level-memory-tracker-in-unreal-engine,Setting Up Your Production Pipeline,4,forum:~20 reddit:0,medium,yes,Debug & Refactoring,Tag-based memory accounting (LLM_SCOPE LLM_SCOPED_TAG_WITH_STAT) feeding stat LLM CSV exports and Memory Insights. Built-in stable on all platforms. LLM tracker threads are steady; not huge,stable,medium,yes,~20,0
pipeline-profile-memory-insights,Memory Insights,https://dev.epicgames.com/documentation/en-us/unreal-engine/memory-insights-in-unreal-engine,Setting Up Your Production Pipeline,4,forum:~20 reddit:0,medium,yes,Debug & Refactoring,"Insights view of live allocation/free events with per-tag and per-callstack breakdowns. Pairs with LLM tags. Multiple 2024-2025 threads on enabling memory insights, LLM totals",stable,medium,yes,~20,0
pipeline-profile-memreport,Introduction to Performance Profiling and Configuration,https://dev.epicgames.com/documentation/en-us/unreal-engine/introduction-to-performance-profiling-and-configuration-in-unreal-engine,Setting Up Your Production Pipeline,4,forum:~20 reddit:0,medium,yes,Debug & Refactoring,"memreport / memreport -full snapshot of memory usage written to Saved/Profiling/MemReports; commands are configured via [MemReportCommands] in BaseEngine.ini. SUSPICIOUS: shares doc_url with pipeline.profile.intro and pipeline.profile.gpu_visualizer; no dedicated 5.7 doc page. ""memreport -full"" is a known programmer tool with regular questions",stable,medium,yes,~20,0
pipeline-profile-networking-insights,Networking Insights,https://dev.epicgames.com/documentation/en-us/unreal-engine/networking-insights-in-unreal-engine,Setting Up Your Production Pipeline,4,forum:~20 reddit:0,medium,yes,Debug & Refactoring,Insights view of replicated property and RPC bandwidth surfaced from the Net trace channel. Used for network correctness/perf verification. NetTrace + Networking Insights guide threads are recurring,stable,medium,yes,~20,0
pipeline-profile-stat-commands,Stat Commands,https://dev.epicgames.com/documentation/en-us/unreal-engine/stat-commands-in-unreal-engine,Setting Up Your Production Pipeline,3,forum:>50 reddit:0,high,yes,Debug & Refactoring,"Console commands (stat unit stat game stat gpu stat startfile/stopfile) for on-screen and file-based perf capture. Cheap first-line profiling; emits .ue4stats files. ""stat unit"", ""stat fps"", ""stat gpu"" are entry-level commands with very wide discussion",stable,high,yes,>50,0
pipeline-profile-stats-system,Stats System Overview,https://dev.epicgames.com/documentation/en-us/unreal-engine/unreal-engine-stats-system-overview,Setting Up Your Production Pipeline,3,forum:prior reddit:prior,medium,yes,Debug & Refactoring,Code-level macros (DECLARE_CYCLE_STAT SCOPE_CYCLE_COUNTER DECLARE_DWORD_COUNTER_STAT) that feed counters into Stat commands and Insights. Substrate behind every stat <Group> HUD. DECLARE_CYCLE_STAT / SCOPE_CYCLE_COUNTER threads are steady,stable,medium,no,n/a,n/a
pipeline-profile-task-graph-insights,Task Graph Insights,https://dev.epicgames.com/documentation/en-us/unreal-engine/task-graph-insights-in-unreal-engine-5,Setting Up Your Production Pipeline,4,forum:~5 reddit:0,low,yes,Debug & Refactoring,Insights window visualizing TaskGraph parallel job dependencies and execution. Useful for verifier checks that gameplay work runs off the GameThread. Task Graph view itself is niche; a handful of crash/perf threads,stable,low,yes,~5,0
pipeline-profile-timers-counters,Timers and Counters,https://dev.epicgames.com/documentation/en-us/unreal-engine/using-the-timers-and-counters-tabs-in-unreal-insights-for-unreal-engine,Setting Up Your Production Pipeline,5,forum:prior reddit:prior,low,yes,Debug & Refactoring,"Aggregated views over scoped cycle stats and counter values across a trace. Surfaces DECLARE_CYCLE_STAT results. ""Timers & Counters tabs"" rarely named explicitly; SCOPE_CYCLE_COUNTER threads exist but they roll into stats_system",stable,low,no,n/a,n/a
pipeline-profile-timing-insights,Timing Insights,https://dev.epicgames.com/documentation/en-us/unreal-engine/timing-insights-in-unreal-engine-5,Setting Up Your Production Pipeline,4,forum:~20 reddit:0,medium,yes,Debug & Refactoring,CPU/GPU per-thread timeline view in Unreal Insights; shows scoped cycle stats and frame markers. Companion: Using the Timing Panel how-to. Timing view is the primary Insights view people discuss,stable,medium,yes,~20,0
pipeline-profile-timing-panel,Timing Panel,https://dev.epicgames.com/documentation/en-us/unreal-engine/using-the-timing-panel-in-unreal-insights-for-unreal-engine,Setting Up Your Production Pipeline,5,forum:prior reddit:prior,low,yes,Debug & Refactoring,Task-level walkthrough of the Timing panel's tracks filters and aggregation. Operational sibling of Timing Insights. The how-to companion page is rarely cited by name,stable,low,no,n/a,n/a
pipeline-profile-unreal-insights,Unreal Insights,https://dev.epicgames.com/documentation/en-us/unreal-engine/unreal-insights-in-unreal-engine,Setting Up Your Production Pipeline,3,forum:>50 reddit:0,high,yes,Debug & Refactoring,"Standalone profiling application that ingests Trace streams from a running session (-trace=...) and surfaces them in multiple analysis windows. Core CraftBench verifier substrate. Dominant profiling tool, very high discussion volume",stable,high,yes,>50,0
pipeline-trace-authoring,Trace Developer Guide (Trace Channel Authoring),https://dev.epicgames.com/documentation/en-us/unreal-engine/developer-guide-to-tracing-in-unreal-engine,Setting Up Your Production Pipeline,4,forum:~5 reddit:0,low,yes,Debug & Refactoring,C++ guide to defining custom trace events and channels with UE_TRACE_CHANNEL_DEFINE UE_TRACE_EVENT_BEGIN/END and UE_TRACE_LOG. The trace authoring leaf. Note: search drifted to collision trace channels; trace-event authoring proper is niche. Marked low,stable,low,yes,~5,0
pipeline-trace-quickstart,Unreal Insights Trace Quick Start Guide,https://dev.epicgames.com/documentation/en-us/unreal-engine/trace-quick-start-guide-in-unreal-engine,Setting Up Your Production Pipeline,4,forum:prior reddit:prior,low,yes,Debug & Refactoring,How to start stop and route a trace to a file or Insights via Trace.Start Trace.Stop -trace= -tracehost=. Operational entry point. Specific quickstart page rarely named directly,stable,low,no,n/a,n/a
pipeline-trace-system,Trace (Unreal Trace),https://dev.epicgames.com/documentation/en-us/unreal-engine/trace-in-unreal-engine-5,Setting Up Your Production Pipeline,3,forum:~20 reddit:0,medium,yes,Debug & Refactoring,Structured logging framework that emits events grouped by named channels and consumed by Insights. The plumbing under every Insights view. Trace channels + UnrealTraceServer questions recur,stable,medium,yes,~20,0
